$ example_tube_synthetic base_tube
$ Units: mm
SOL 101
CEND
BEGIN BULK
GRID*                  1                 1.375000000e+02 1.000000000e+02*       
*        0.000000000e+00
GRID*                  2                 1.400000000e+02 1.000000000e+02*       
*        0.000000000e+00
GRID*                  3                 1.425000000e+02 1.000000000e+02*       
*        0.000000000e+00
GRID*                  4                 1.371791823e+02 1.048947322e+02*       
*        0.000000000e+00
GRID*                  5                 1.396577945e+02 1.052210477e+02*       
*        0.000000000e+00
GRID*                  6                 1.421364066e+02 1.055473632e+02*       
*        0.000000000e+00
GRID*                  7                 1.362222185e+02 1.097057142e+02*       
*        0.000000000e+00
GRID*                  8                 1.386370331e+02 1.103527618e+02*       
*        0.000000000e+00
GRID*                  9                 1.410518476e+02 1.109998094e+02*       
*        0.000000000e+00
GRID*                 10                 1.346454825e+02 1.143506287e+02*       
*        0.000000000e+00
GRID*                 11                 1.369551813e+02 1.153073373e+02*       
*        0.000000000e+00
GRID*                 12                 1.392648801e+02 1.162640459e+02*       
*        0.000000000e+00
GRID*                 13                 1.324759526e+02 1.187500000e+02*       
*        0.000000000e+00
GRID*                 14                 1.346410162e+02 1.200000000e+02*       
*        0.000000000e+00
GRID*                 15                 1.368060797e+02 1.212500000e+02*       
*        0.000000000e+00
GRID*                 16                 1.297507503e+02 1.228285536e+02*       
*        0.000000000e+00
GRID*                 17                 1.317341336e+02 1.243504572e+02*       
*        0.000000000e+00
GRID*                 18                 1.337175170e+02 1.258723607e+02*       
*        0.000000000e+00
GRID*                 19                 1.265165043e+02 1.265165043e+02*       
*        0.000000000e+00
GRID*                 20                 1.282842712e+02 1.282842712e+02*       
*        0.000000000e+00
GRID*                 21                 1.300520382e+02 1.300520382e+02*       
*        0.000000000e+00
GRID*                 22                 1.228285536e+02 1.297507503e+02*       
*        0.000000000e+00
GRID*                 23                 1.243504572e+02 1.317341336e+02*       
*        0.000000000e+00
GRID*                 24                 1.258723607e+02 1.337175170e+02*       
*        0.000000000e+00
GRID*                 25                 1.187500000e+02 1.324759526e+02*       
*        0.000000000e+00
GRID*                 26                 1.200000000e+02 1.346410162e+02*       
*        0.000000000e+00
GRID*                 27                 1.212500000e+02 1.368060797e+02*       
*        0.000000000e+00
GRID*                 28                 1.143506287e+02 1.346454825e+02*       
*        0.000000000e+00
GRID*                 29                 1.153073373e+02 1.369551813e+02*       
*        0.000000000e+00
GRID*                 30                 1.162640459e+02 1.392648801e+02*       
*        0.000000000e+00
GRID*                 31                 1.097057142e+02 1.362222185e+02*       
*        0.000000000e+00
GRID*                 32                 1.103527618e+02 1.386370331e+02*       
*        0.000000000e+00
GRID*                 33                 1.109998094e+02 1.410518476e+02*       
*        0.000000000e+00
GRID*                 34                 1.048947322e+02 1.371791823e+02*       
*        0.000000000e+00
GRID*                 35                 1.052210477e+02 1.396577945e+02*       
*        0.000000000e+00
GRID*                 36                 1.055473632e+02 1.421364066e+02*       
*        0.000000000e+00
GRID*                 37                 1.000000000e+02 1.375000000e+02*       
*        0.000000000e+00
GRID*                 38                 1.000000000e+02 1.400000000e+02*       
*        0.000000000e+00
GRID*                 39                 1.000000000e+02 1.425000000e+02*       
*        0.000000000e+00
GRID*                 40                 9.510526779e+01 1.371791823e+02*       
*        0.000000000e+00
GRID*                 41                 9.477895231e+01 1.396577945e+02*       
*        0.000000000e+00
GRID*                 42                 9.445263683e+01 1.421364066e+02*       
*        0.000000000e+00
GRID*                 43                 9.029428581e+01 1.362222185e+02*       
*        0.000000000e+00
GRID*                 44                 8.964723820e+01 1.386370331e+02*       
*        0.000000000e+00
GRID*                 45                 8.900019058e+01 1.410518476e+02*       
*        0.000000000e+00
GRID*                 46                 8.564937129e+01 1.346454825e+02*       
*        0.000000000e+00
GRID*                 47                 8.469266271e+01 1.369551813e+02*       
*        0.000000000e+00
GRID*                 48                 8.373595412e+01 1.392648801e+02*       
*        0.000000000e+00
GRID*                 49                 8.125000000e+01 1.324759526e+02*       
*        0.000000000e+00
GRID*                 50                 8.000000000e+01 1.346410162e+02*       
*        0.000000000e+00
GRID*                 51                 7.875000000e+01 1.368060797e+02*       
*        0.000000000e+00
GRID*                 52                 7.717144641e+01 1.297507503e+02*       
*        0.000000000e+00
GRID*                 53                 7.564954284e+01 1.317341336e+02*       
*        0.000000000e+00
GRID*                 54                 7.412763927e+01 1.337175170e+02*       
*        0.000000000e+00
GRID*                 55                 7.348349571e+01 1.265165043e+02*       
*        0.000000000e+00
GRID*                 56                 7.171572875e+01 1.282842712e+02*       
*        0.000000000e+00
GRID*                 57                 6.994796180e+01 1.300520382e+02*       
*        0.000000000e+00
GRID*                 58                 7.024924974e+01 1.228285536e+02*       
*        0.000000000e+00
GRID*                 59                 6.826586639e+01 1.243504572e+02*       
*        0.000000000e+00
GRID*                 60                 6.628248304e+01 1.258723607e+02*       
*        0.000000000e+00
GRID*                 61                 6.752404736e+01 1.187500000e+02*       
*        0.000000000e+00
GRID*                 62                 6.535898385e+01 1.200000000e+02*       
*        0.000000000e+00
GRID*                 63                 6.319392034e+01 1.212500000e+02*       
*        0.000000000e+00
GRID*                 64                 6.535451753e+01 1.143506287e+02*       
*        0.000000000e+00
GRID*                 65                 6.304481870e+01 1.153073373e+02*       
*        0.000000000e+00
GRID*                 66                 6.073511987e+01 1.162640459e+02*       
*        0.000000000e+00
GRID*                 67                 6.377778151e+01 1.097057142e+02*       
*        0.000000000e+00
GRID*                 68                 6.136296695e+01 1.103527618e+02*       
*        0.000000000e+00
GRID*                 69                 5.894815238e+01 1.109998094e+02*       
*        0.000000000e+00
GRID*                 70                 6.282081770e+01 1.048947322e+02*       
*        0.000000000e+00
GRID*                 71                 6.034220555e+01 1.052210477e+02*       
*        0.000000000e+00
GRID*                 72                 5.786359339e+01 1.055473632e+02*       
*        0.000000000e+00
GRID*                 73                 6.250000000e+01 1.000000000e+02*       
*        0.000000000e+00
GRID*                 74                 6.000000000e+01 1.000000000e+02*       
*        0.000000000e+00
GRID*                 75                 5.750000000e+01 1.000000000e+02*       
*        0.000000000e+00
GRID*                 76                 6.282081770e+01 9.510526779e+01*       
*        0.000000000e+00
GRID*                 77                 6.034220555e+01 9.477895231e+01*       
*        0.000000000e+00
GRID*                 78                 5.786359339e+01 9.445263683e+01*       
*        0.000000000e+00
GRID*                 79                 6.377778151e+01 9.029428581e+01*       
*        0.000000000e+00
GRID*                 80                 6.136296695e+01 8.964723820e+01*       
*        0.000000000e+00
GRID*                 81                 5.894815238e+01 8.900019058e+01*       
*        0.000000000e+00
GRID*                 82                 6.535451753e+01 8.564937129e+01*       
*        0.000000000e+00
GRID*                 83                 6.304481870e+01 8.469266271e+01*       
*        0.000000000e+00
GRID*                 84                 6.073511987e+01 8.373595412e+01*       
*        0.000000000e+00
GRID*                 85                 6.752404736e+01 8.125000000e+01*       
*        0.000000000e+00
GRID*                 86                 6.535898385e+01 8.000000000e+01*       
*        0.000000000e+00
GRID*                 87                 6.319392034e+01 7.875000000e+01*       
*        0.000000000e+00
GRID*                 88                 7.024924974e+01 7.717144641e+01*       
*        0.000000000e+00
GRID*                 89                 6.826586639e+01 7.564954284e+01*       
*        0.000000000e+00
GRID*                 90                 6.628248304e+01 7.412763927e+01*       
*        0.000000000e+00
GRID*                 91                 7.348349571e+01 7.348349571e+01*       
*        0.000000000e+00
GRID*                 92                 7.171572875e+01 7.171572875e+01*       
*        0.000000000e+00
GRID*                 93                 6.994796180e+01 6.994796180e+01*       
*        0.000000000e+00
GRID*                 94                 7.717144641e+01 7.024924974e+01*       
*        0.000000000e+00
GRID*                 95                 7.564954284e+01 6.826586639e+01*       
*        0.000000000e+00
GRID*                 96                 7.412763927e+01 6.628248304e+01*       
*        0.000000000e+00
GRID*                 97                 8.125000000e+01 6.752404736e+01*       
*        0.000000000e+00
GRID*                 98                 8.000000000e+01 6.535898385e+01*       
*        0.000000000e+00
GRID*                 99                 7.875000000e+01 6.319392034e+01*       
*        0.000000000e+00
GRID*                100                 8.564937129e+01 6.535451753e+01*       
*        0.000000000e+00
GRID*                101                 8.469266271e+01 6.304481870e+01*       
*        0.000000000e+00
GRID*                102                 8.373595412e+01 6.073511987e+01*       
*        0.000000000e+00
GRID*                103                 9.029428581e+01 6.377778151e+01*       
*        0.000000000e+00
GRID*                104                 8.964723820e+01 6.136296695e+01*       
*        0.000000000e+00
GRID*                105                 8.900019058e+01 5.894815238e+01*       
*        0.000000000e+00
GRID*                106                 9.510526779e+01 6.282081770e+01*       
*        0.000000000e+00
GRID*                107                 9.477895231e+01 6.034220555e+01*       
*        0.000000000e+00
GRID*                108                 9.445263683e+01 5.786359339e+01*       
*        0.000000000e+00
GRID*                109                 1.000000000e+02 6.250000000e+01*       
*        0.000000000e+00
GRID*                110                 1.000000000e+02 6.000000000e+01*       
*        0.000000000e+00
GRID*                111                 1.000000000e+02 5.750000000e+01*       
*        0.000000000e+00
GRID*                112                 1.048947322e+02 6.282081770e+01*       
*        0.000000000e+00
GRID*                113                 1.052210477e+02 6.034220555e+01*       
*        0.000000000e+00
GRID*                114                 1.055473632e+02 5.786359339e+01*       
*        0.000000000e+00
GRID*                115                 1.097057142e+02 6.377778151e+01*       
*        0.000000000e+00
GRID*                116                 1.103527618e+02 6.136296695e+01*       
*        0.000000000e+00
GRID*                117                 1.109998094e+02 5.894815238e+01*       
*        0.000000000e+00
GRID*                118                 1.143506287e+02 6.535451753e+01*       
*        0.000000000e+00
GRID*                119                 1.153073373e+02 6.304481870e+01*       
*        0.000000000e+00
GRID*                120                 1.162640459e+02 6.073511987e+01*       
*        0.000000000e+00
GRID*                121                 1.187500000e+02 6.752404736e+01*       
*        0.000000000e+00
GRID*                122                 1.200000000e+02 6.535898385e+01*       
*        0.000000000e+00
GRID*                123                 1.212500000e+02 6.319392034e+01*       
*        0.000000000e+00
GRID*                124                 1.228285536e+02 7.024924974e+01*       
*        0.000000000e+00
GRID*                125                 1.243504572e+02 6.826586639e+01*       
*        0.000000000e+00
GRID*                126                 1.258723607e+02 6.628248304e+01*       
*        0.000000000e+00
GRID*                127                 1.265165043e+02 7.348349571e+01*       
*        0.000000000e+00
GRID*                128                 1.282842712e+02 7.171572875e+01*       
*        0.000000000e+00
GRID*                129                 1.300520382e+02 6.994796180e+01*       
*        0.000000000e+00
GRID*                130                 1.297507503e+02 7.717144641e+01*       
*        0.000000000e+00
GRID*                131                 1.317341336e+02 7.564954284e+01*       
*        0.000000000e+00
GRID*                132                 1.337175170e+02 7.412763927e+01*       
*        0.000000000e+00
GRID*                133                 1.324759526e+02 8.125000000e+01*       
*        0.000000000e+00
GRID*                134                 1.346410162e+02 8.000000000e+01*       
*        0.000000000e+00
GRID*                135                 1.368060797e+02 7.875000000e+01*       
*        0.000000000e+00
GRID*                136                 1.346454825e+02 8.564937129e+01*       
*        0.000000000e+00
GRID*                137                 1.369551813e+02 8.469266271e+01*       
*        0.000000000e+00
GRID*                138                 1.392648801e+02 8.373595412e+01*       
*        0.000000000e+00
GRID*                139                 1.362222185e+02 9.029428581e+01*       
*        0.000000000e+00
GRID*                140                 1.386370331e+02 8.964723820e+01*       
*        0.000000000e+00
GRID*                141                 1.410518476e+02 8.900019058e+01*       
*        0.000000000e+00
GRID*                142                 1.371791823e+02 9.510526779e+01*       
*        0.000000000e+00
GRID*                143                 1.396577945e+02 9.477895231e+01*       
*        0.000000000e+00
GRID*                144                 1.421364066e+02 9.445263683e+01*       
*        0.000000000e+00
GRID*                145                 1.375000000e+02 1.000000000e+02*       
*        5.000000000e+00
GRID*                146                 1.400000000e+02 1.000000000e+02*       
*        5.000000000e+00
GRID*                147                 1.425000000e+02 1.000000000e+02*       
*        5.000000000e+00
GRID*                148                 1.371791823e+02 1.048947322e+02*       
*        5.000000000e+00
GRID*                149                 1.396577945e+02 1.052210477e+02*       
*        5.000000000e+00
GRID*                150                 1.421364066e+02 1.055473632e+02*       
*        5.000000000e+00
GRID*                151                 1.362222185e+02 1.097057142e+02*       
*        5.000000000e+00
GRID*                152                 1.386370331e+02 1.103527618e+02*       
*        5.000000000e+00
GRID*                153                 1.410518476e+02 1.109998094e+02*       
*        5.000000000e+00
GRID*                154                 1.346454825e+02 1.143506287e+02*       
*        5.000000000e+00
GRID*                155                 1.369551813e+02 1.153073373e+02*       
*        5.000000000e+00
GRID*                156                 1.392648801e+02 1.162640459e+02*       
*        5.000000000e+00
GRID*                157                 1.324759526e+02 1.187500000e+02*       
*        5.000000000e+00
GRID*                158                 1.346410162e+02 1.200000000e+02*       
*        5.000000000e+00
GRID*                159                 1.368060797e+02 1.212500000e+02*       
*        5.000000000e+00
GRID*                160                 1.297507503e+02 1.228285536e+02*       
*        5.000000000e+00
GRID*                161                 1.317341336e+02 1.243504572e+02*       
*        5.000000000e+00
GRID*                162                 1.337175170e+02 1.258723607e+02*       
*        5.000000000e+00
GRID*                163                 1.265165043e+02 1.265165043e+02*       
*        5.000000000e+00
GRID*                164                 1.282842712e+02 1.282842712e+02*       
*        5.000000000e+00
GRID*                165                 1.300520382e+02 1.300520382e+02*       
*        5.000000000e+00
GRID*                166                 1.228285536e+02 1.297507503e+02*       
*        5.000000000e+00
GRID*                167                 1.243504572e+02 1.317341336e+02*       
*        5.000000000e+00
GRID*                168                 1.258723607e+02 1.337175170e+02*       
*        5.000000000e+00
GRID*                169                 1.187500000e+02 1.324759526e+02*       
*        5.000000000e+00
GRID*                170                 1.200000000e+02 1.346410162e+02*       
*        5.000000000e+00
GRID*                171                 1.212500000e+02 1.368060797e+02*       
*        5.000000000e+00
GRID*                172                 1.143506287e+02 1.346454825e+02*       
*        5.000000000e+00
GRID*                173                 1.153073373e+02 1.369551813e+02*       
*        5.000000000e+00
GRID*                174                 1.162640459e+02 1.392648801e+02*       
*        5.000000000e+00
GRID*                175                 1.097057142e+02 1.362222185e+02*       
*        5.000000000e+00
GRID*                176                 1.103527618e+02 1.386370331e+02*       
*        5.000000000e+00
GRID*                177                 1.109998094e+02 1.410518476e+02*       
*        5.000000000e+00
GRID*                178                 1.048947322e+02 1.371791823e+02*       
*        5.000000000e+00
GRID*                179                 1.052210477e+02 1.396577945e+02*       
*        5.000000000e+00
GRID*                180                 1.055473632e+02 1.421364066e+02*       
*        5.000000000e+00
GRID*                181                 1.000000000e+02 1.375000000e+02*       
*        5.000000000e+00
GRID*                182                 1.000000000e+02 1.400000000e+02*       
*        5.000000000e+00
GRID*                183                 1.000000000e+02 1.425000000e+02*       
*        5.000000000e+00
GRID*                184                 9.510526779e+01 1.371791823e+02*       
*        5.000000000e+00
GRID*                185                 9.477895231e+01 1.396577945e+02*       
*        5.000000000e+00
GRID*                186                 9.445263683e+01 1.421364066e+02*       
*        5.000000000e+00
GRID*                187                 9.029428581e+01 1.362222185e+02*       
*        5.000000000e+00
GRID*                188                 8.964723820e+01 1.386370331e+02*       
*        5.000000000e+00
GRID*                189                 8.900019058e+01 1.410518476e+02*       
*        5.000000000e+00
GRID*                190                 8.564937129e+01 1.346454825e+02*       
*        5.000000000e+00
GRID*                191                 8.469266271e+01 1.369551813e+02*       
*        5.000000000e+00
GRID*                192                 8.373595412e+01 1.392648801e+02*       
*        5.000000000e+00
GRID*                193                 8.125000000e+01 1.324759526e+02*       
*        5.000000000e+00
GRID*                194                 8.000000000e+01 1.346410162e+02*       
*        5.000000000e+00
GRID*                195                 7.875000000e+01 1.368060797e+02*       
*        5.000000000e+00
GRID*                196                 7.717144641e+01 1.297507503e+02*       
*        5.000000000e+00
GRID*                197                 7.564954284e+01 1.317341336e+02*       
*        5.000000000e+00
GRID*                198                 7.412763927e+01 1.337175170e+02*       
*        5.000000000e+00
GRID*                199                 7.348349571e+01 1.265165043e+02*       
*        5.000000000e+00
GRID*                200                 7.171572875e+01 1.282842712e+02*       
*        5.000000000e+00
GRID*                201                 6.994796180e+01 1.300520382e+02*       
*        5.000000000e+00
GRID*                202                 7.024924974e+01 1.228285536e+02*       
*        5.000000000e+00
GRID*                203                 6.826586639e+01 1.243504572e+02*       
*        5.000000000e+00
GRID*                204                 6.628248304e+01 1.258723607e+02*       
*        5.000000000e+00
GRID*                205                 6.752404736e+01 1.187500000e+02*       
*        5.000000000e+00
GRID*                206                 6.535898385e+01 1.200000000e+02*       
*        5.000000000e+00
GRID*                207                 6.319392034e+01 1.212500000e+02*       
*        5.000000000e+00
GRID*                208                 6.535451753e+01 1.143506287e+02*       
*        5.000000000e+00
GRID*                209                 6.304481870e+01 1.153073373e+02*       
*        5.000000000e+00
GRID*                210                 6.073511987e+01 1.162640459e+02*       
*        5.000000000e+00
GRID*                211                 6.377778151e+01 1.097057142e+02*       
*        5.000000000e+00
GRID*                212                 6.136296695e+01 1.103527618e+02*       
*        5.000000000e+00
GRID*                213                 5.894815238e+01 1.109998094e+02*       
*        5.000000000e+00
GRID*                214                 6.282081770e+01 1.048947322e+02*       
*        5.000000000e+00
GRID*                215                 6.034220555e+01 1.052210477e+02*       
*        5.000000000e+00
GRID*                216                 5.786359339e+01 1.055473632e+02*       
*        5.000000000e+00
GRID*                217                 6.250000000e+01 1.000000000e+02*       
*        5.000000000e+00
GRID*                218                 6.000000000e+01 1.000000000e+02*       
*        5.000000000e+00
GRID*                219                 5.750000000e+01 1.000000000e+02*       
*        5.000000000e+00
GRID*                220                 6.282081770e+01 9.510526779e+01*       
*        5.000000000e+00
GRID*                221                 6.034220555e+01 9.477895231e+01*       
*        5.000000000e+00
GRID*                222                 5.786359339e+01 9.445263683e+01*       
*        5.000000000e+00
GRID*                223                 6.377778151e+01 9.029428581e+01*       
*        5.000000000e+00
GRID*                224                 6.136296695e+01 8.964723820e+01*       
*        5.000000000e+00
GRID*                225                 5.894815238e+01 8.900019058e+01*       
*        5.000000000e+00
GRID*                226                 6.535451753e+01 8.564937129e+01*       
*        5.000000000e+00
GRID*                227                 6.304481870e+01 8.469266271e+01*       
*        5.000000000e+00
GRID*                228                 6.073511987e+01 8.373595412e+01*       
*        5.000000000e+00
GRID*                229                 6.752404736e+01 8.125000000e+01*       
*        5.000000000e+00
GRID*                230                 6.535898385e+01 8.000000000e+01*       
*        5.000000000e+00
GRID*                231                 6.319392034e+01 7.875000000e+01*       
*        5.000000000e+00
GRID*                232                 7.024924974e+01 7.717144641e+01*       
*        5.000000000e+00
GRID*                233                 6.826586639e+01 7.564954284e+01*       
*        5.000000000e+00
GRID*                234                 6.628248304e+01 7.412763927e+01*       
*        5.000000000e+00
GRID*                235                 7.348349571e+01 7.348349571e+01*       
*        5.000000000e+00
GRID*                236                 7.171572875e+01 7.171572875e+01*       
*        5.000000000e+00
GRID*                237                 6.994796180e+01 6.994796180e+01*       
*        5.000000000e+00
GRID*                238                 7.717144641e+01 7.024924974e+01*       
*        5.000000000e+00
GRID*                239                 7.564954284e+01 6.826586639e+01*       
*        5.000000000e+00
GRID*                240                 7.412763927e+01 6.628248304e+01*       
*        5.000000000e+00
GRID*                241                 8.125000000e+01 6.752404736e+01*       
*        5.000000000e+00
GRID*                242                 8.000000000e+01 6.535898385e+01*       
*        5.000000000e+00
GRID*                243                 7.875000000e+01 6.319392034e+01*       
*        5.000000000e+00
GRID*                244                 8.564937129e+01 6.535451753e+01*       
*        5.000000000e+00
GRID*                245                 8.469266271e+01 6.304481870e+01*       
*        5.000000000e+00
GRID*                246                 8.373595412e+01 6.073511987e+01*       
*        5.000000000e+00
GRID*                247                 9.029428581e+01 6.377778151e+01*       
*        5.000000000e+00
GRID*                248                 8.964723820e+01 6.136296695e+01*       
*        5.000000000e+00
GRID*                249                 8.900019058e+01 5.894815238e+01*       
*        5.000000000e+00
GRID*                250                 9.510526779e+01 6.282081770e+01*       
*        5.000000000e+00
GRID*                251                 9.477895231e+01 6.034220555e+01*       
*        5.000000000e+00
GRID*                252                 9.445263683e+01 5.786359339e+01*       
*        5.000000000e+00
GRID*                253                 1.000000000e+02 6.250000000e+01*       
*        5.000000000e+00
GRID*                254                 1.000000000e+02 6.000000000e+01*       
*        5.000000000e+00
GRID*                255                 1.000000000e+02 5.750000000e+01*       
*        5.000000000e+00
GRID*                256                 1.048947322e+02 6.282081770e+01*       
*        5.000000000e+00
GRID*                257                 1.052210477e+02 6.034220555e+01*       
*        5.000000000e+00
GRID*                258                 1.055473632e+02 5.786359339e+01*       
*        5.000000000e+00
GRID*                259                 1.097057142e+02 6.377778151e+01*       
*        5.000000000e+00
GRID*                260                 1.103527618e+02 6.136296695e+01*       
*        5.000000000e+00
GRID*                261                 1.109998094e+02 5.894815238e+01*       
*        5.000000000e+00
GRID*                262                 1.143506287e+02 6.535451753e+01*       
*        5.000000000e+00
GRID*                263                 1.153073373e+02 6.304481870e+01*       
*        5.000000000e+00
GRID*                264                 1.162640459e+02 6.073511987e+01*       
*        5.000000000e+00
GRID*                265                 1.187500000e+02 6.752404736e+01*       
*        5.000000000e+00
GRID*                266                 1.200000000e+02 6.535898385e+01*       
*        5.000000000e+00
GRID*                267                 1.212500000e+02 6.319392034e+01*       
*        5.000000000e+00
GRID*                268                 1.228285536e+02 7.024924974e+01*       
*        5.000000000e+00
GRID*                269                 1.243504572e+02 6.826586639e+01*       
*        5.000000000e+00
GRID*                270                 1.258723607e+02 6.628248304e+01*       
*        5.000000000e+00
GRID*                271                 1.265165043e+02 7.348349571e+01*       
*        5.000000000e+00
GRID*                272                 1.282842712e+02 7.171572875e+01*       
*        5.000000000e+00
GRID*                273                 1.300520382e+02 6.994796180e+01*       
*        5.000000000e+00
GRID*                274                 1.297507503e+02 7.717144641e+01*       
*        5.000000000e+00
GRID*                275                 1.317341336e+02 7.564954284e+01*       
*        5.000000000e+00
GRID*                276                 1.337175170e+02 7.412763927e+01*       
*        5.000000000e+00
GRID*                277                 1.324759526e+02 8.125000000e+01*       
*        5.000000000e+00
GRID*                278                 1.346410162e+02 8.000000000e+01*       
*        5.000000000e+00
GRID*                279                 1.368060797e+02 7.875000000e+01*       
*        5.000000000e+00
GRID*                280                 1.346454825e+02 8.564937129e+01*       
*        5.000000000e+00
GRID*                281                 1.369551813e+02 8.469266271e+01*       
*        5.000000000e+00
GRID*                282                 1.392648801e+02 8.373595412e+01*       
*        5.000000000e+00
GRID*                283                 1.362222185e+02 9.029428581e+01*       
*        5.000000000e+00
GRID*                284                 1.386370331e+02 8.964723820e+01*       
*        5.000000000e+00
GRID*                285                 1.410518476e+02 8.900019058e+01*       
*        5.000000000e+00
GRID*                286                 1.371791823e+02 9.510526779e+01*       
*        5.000000000e+00
GRID*                287                 1.396577945e+02 9.477895231e+01*       
*        5.000000000e+00
GRID*                288                 1.421364066e+02 9.445263683e+01*       
*        5.000000000e+00
GRID*                289                 1.375000000e+02 1.000000000e+02*       
*        1.000000000e+01
GRID*                290                 1.400000000e+02 1.000000000e+02*       
*        1.000000000e+01
GRID*                291                 1.425000000e+02 1.000000000e+02*       
*        1.000000000e+01
GRID*                292                 1.371791823e+02 1.048947322e+02*       
*        1.000000000e+01
GRID*                293                 1.396577945e+02 1.052210477e+02*       
*        1.000000000e+01
GRID*                294                 1.421364066e+02 1.055473632e+02*       
*        1.000000000e+01
GRID*                295                 1.362222185e+02 1.097057142e+02*       
*        1.000000000e+01
GRID*                296                 1.386370331e+02 1.103527618e+02*       
*        1.000000000e+01
GRID*                297                 1.410518476e+02 1.109998094e+02*       
*        1.000000000e+01
GRID*                298                 1.346454825e+02 1.143506287e+02*       
*        1.000000000e+01
GRID*                299                 1.369551813e+02 1.153073373e+02*       
*        1.000000000e+01
GRID*                300                 1.392648801e+02 1.162640459e+02*       
*        1.000000000e+01
GRID*                301                 1.324759526e+02 1.187500000e+02*       
*        1.000000000e+01
GRID*                302                 1.346410162e+02 1.200000000e+02*       
*        1.000000000e+01
GRID*                303                 1.368060797e+02 1.212500000e+02*       
*        1.000000000e+01
GRID*                304                 1.297507503e+02 1.228285536e+02*       
*        1.000000000e+01
GRID*                305                 1.317341336e+02 1.243504572e+02*       
*        1.000000000e+01
GRID*                306                 1.337175170e+02 1.258723607e+02*       
*        1.000000000e+01
GRID*                307                 1.265165043e+02 1.265165043e+02*       
*        1.000000000e+01
GRID*                308                 1.282842712e+02 1.282842712e+02*       
*        1.000000000e+01
GRID*                309                 1.300520382e+02 1.300520382e+02*       
*        1.000000000e+01
GRID*                310                 1.228285536e+02 1.297507503e+02*       
*        1.000000000e+01
GRID*                311                 1.243504572e+02 1.317341336e+02*       
*        1.000000000e+01
GRID*                312                 1.258723607e+02 1.337175170e+02*       
*        1.000000000e+01
GRID*                313                 1.187500000e+02 1.324759526e+02*       
*        1.000000000e+01
GRID*                314                 1.200000000e+02 1.346410162e+02*       
*        1.000000000e+01
GRID*                315                 1.212500000e+02 1.368060797e+02*       
*        1.000000000e+01
GRID*                316                 1.143506287e+02 1.346454825e+02*       
*        1.000000000e+01
GRID*                317                 1.153073373e+02 1.369551813e+02*       
*        1.000000000e+01
GRID*                318                 1.162640459e+02 1.392648801e+02*       
*        1.000000000e+01
GRID*                319                 1.097057142e+02 1.362222185e+02*       
*        1.000000000e+01
GRID*                320                 1.103527618e+02 1.386370331e+02*       
*        1.000000000e+01
GRID*                321                 1.109998094e+02 1.410518476e+02*       
*        1.000000000e+01
GRID*                322                 1.048947322e+02 1.371791823e+02*       
*        1.000000000e+01
GRID*                323                 1.052210477e+02 1.396577945e+02*       
*        1.000000000e+01
GRID*                324                 1.055473632e+02 1.421364066e+02*       
*        1.000000000e+01
GRID*                325                 1.000000000e+02 1.375000000e+02*       
*        1.000000000e+01
GRID*                326                 1.000000000e+02 1.400000000e+02*       
*        1.000000000e+01
GRID*                327                 1.000000000e+02 1.425000000e+02*       
*        1.000000000e+01
GRID*                328                 9.510526779e+01 1.371791823e+02*       
*        1.000000000e+01
GRID*                329                 9.477895231e+01 1.396577945e+02*       
*        1.000000000e+01
GRID*                330                 9.445263683e+01 1.421364066e+02*       
*        1.000000000e+01
GRID*                331                 9.029428581e+01 1.362222185e+02*       
*        1.000000000e+01
GRID*                332                 8.964723820e+01 1.386370331e+02*       
*        1.000000000e+01
GRID*                333                 8.900019058e+01 1.410518476e+02*       
*        1.000000000e+01
GRID*                334                 8.564937129e+01 1.346454825e+02*       
*        1.000000000e+01
GRID*                335                 8.469266271e+01 1.369551813e+02*       
*        1.000000000e+01
GRID*                336                 8.373595412e+01 1.392648801e+02*       
*        1.000000000e+01
GRID*                337                 8.125000000e+01 1.324759526e+02*       
*        1.000000000e+01
GRID*                338                 8.000000000e+01 1.346410162e+02*       
*        1.000000000e+01
GRID*                339                 7.875000000e+01 1.368060797e+02*       
*        1.000000000e+01
GRID*                340                 7.717144641e+01 1.297507503e+02*       
*        1.000000000e+01
GRID*                341                 7.564954284e+01 1.317341336e+02*       
*        1.000000000e+01
GRID*                342                 7.412763927e+01 1.337175170e+02*       
*        1.000000000e+01
GRID*                343                 7.348349571e+01 1.265165043e+02*       
*        1.000000000e+01
GRID*                344                 7.171572875e+01 1.282842712e+02*       
*        1.000000000e+01
GRID*                345                 6.994796180e+01 1.300520382e+02*       
*        1.000000000e+01
GRID*                346                 7.024924974e+01 1.228285536e+02*       
*        1.000000000e+01
GRID*                347                 6.826586639e+01 1.243504572e+02*       
*        1.000000000e+01
GRID*                348                 6.628248304e+01 1.258723607e+02*       
*        1.000000000e+01
GRID*                349                 6.752404736e+01 1.187500000e+02*       
*        1.000000000e+01
GRID*                350                 6.535898385e+01 1.200000000e+02*       
*        1.000000000e+01
GRID*                351                 6.319392034e+01 1.212500000e+02*       
*        1.000000000e+01
GRID*                352                 6.535451753e+01 1.143506287e+02*       
*        1.000000000e+01
GRID*                353                 6.304481870e+01 1.153073373e+02*       
*        1.000000000e+01
GRID*                354                 6.073511987e+01 1.162640459e+02*       
*        1.000000000e+01
GRID*                355                 6.377778151e+01 1.097057142e+02*       
*        1.000000000e+01
GRID*                356                 6.136296695e+01 1.103527618e+02*       
*        1.000000000e+01
GRID*                357                 5.894815238e+01 1.109998094e+02*       
*        1.000000000e+01
GRID*                358                 6.282081770e+01 1.048947322e+02*       
*        1.000000000e+01
GRID*                359                 6.034220555e+01 1.052210477e+02*       
*        1.000000000e+01
GRID*                360                 5.786359339e+01 1.055473632e+02*       
*        1.000000000e+01
GRID*                361                 6.250000000e+01 1.000000000e+02*       
*        1.000000000e+01
GRID*                362                 6.000000000e+01 1.000000000e+02*       
*        1.000000000e+01
GRID*                363                 5.750000000e+01 1.000000000e+02*       
*        1.000000000e+01
GRID*                364                 6.282081770e+01 9.510526779e+01*       
*        1.000000000e+01
GRID*                365                 6.034220555e+01 9.477895231e+01*       
*        1.000000000e+01
GRID*                366                 5.786359339e+01 9.445263683e+01*       
*        1.000000000e+01
GRID*                367                 6.377778151e+01 9.029428581e+01*       
*        1.000000000e+01
GRID*                368                 6.136296695e+01 8.964723820e+01*       
*        1.000000000e+01
GRID*                369                 5.894815238e+01 8.900019058e+01*       
*        1.000000000e+01
GRID*                370                 6.535451753e+01 8.564937129e+01*       
*        1.000000000e+01
GRID*                371                 6.304481870e+01 8.469266271e+01*       
*        1.000000000e+01
GRID*                372                 6.073511987e+01 8.373595412e+01*       
*        1.000000000e+01
GRID*                373                 6.752404736e+01 8.125000000e+01*       
*        1.000000000e+01
GRID*                374                 6.535898385e+01 8.000000000e+01*       
*        1.000000000e+01
GRID*                375                 6.319392034e+01 7.875000000e+01*       
*        1.000000000e+01
GRID*                376                 7.024924974e+01 7.717144641e+01*       
*        1.000000000e+01
GRID*                377                 6.826586639e+01 7.564954284e+01*       
*        1.000000000e+01
GRID*                378                 6.628248304e+01 7.412763927e+01*       
*        1.000000000e+01
GRID*                379                 7.348349571e+01 7.348349571e+01*       
*        1.000000000e+01
GRID*                380                 7.171572875e+01 7.171572875e+01*       
*        1.000000000e+01
GRID*                381                 6.994796180e+01 6.994796180e+01*       
*        1.000000000e+01
GRID*                382                 7.717144641e+01 7.024924974e+01*       
*        1.000000000e+01
GRID*                383                 7.564954284e+01 6.826586639e+01*       
*        1.000000000e+01
GRID*                384                 7.412763927e+01 6.628248304e+01*       
*        1.000000000e+01
GRID*                385                 8.125000000e+01 6.752404736e+01*       
*        1.000000000e+01
GRID*                386                 8.000000000e+01 6.535898385e+01*       
*        1.000000000e+01
GRID*                387                 7.875000000e+01 6.319392034e+01*       
*        1.000000000e+01
GRID*                388                 8.564937129e+01 6.535451753e+01*       
*        1.000000000e+01
GRID*                389                 8.469266271e+01 6.304481870e+01*       
*        1.000000000e+01
GRID*                390                 8.373595412e+01 6.073511987e+01*       
*        1.000000000e+01
GRID*                391                 9.029428581e+01 6.377778151e+01*       
*        1.000000000e+01
GRID*                392                 8.964723820e+01 6.136296695e+01*       
*        1.000000000e+01
GRID*                393                 8.900019058e+01 5.894815238e+01*       
*        1.000000000e+01
GRID*                394                 9.510526779e+01 6.282081770e+01*       
*        1.000000000e+01
GRID*                395                 9.477895231e+01 6.034220555e+01*       
*        1.000000000e+01
GRID*                396                 9.445263683e+01 5.786359339e+01*       
*        1.000000000e+01
GRID*                397                 1.000000000e+02 6.250000000e+01*       
*        1.000000000e+01
GRID*                398                 1.000000000e+02 6.000000000e+01*       
*        1.000000000e+01
GRID*                399                 1.000000000e+02 5.750000000e+01*       
*        1.000000000e+01
GRID*                400                 1.048947322e+02 6.282081770e+01*       
*        1.000000000e+01
GRID*                401                 1.052210477e+02 6.034220555e+01*       
*        1.000000000e+01
GRID*                402                 1.055473632e+02 5.786359339e+01*       
*        1.000000000e+01
GRID*                403                 1.097057142e+02 6.377778151e+01*       
*        1.000000000e+01
GRID*                404                 1.103527618e+02 6.136296695e+01*       
*        1.000000000e+01
GRID*                405                 1.109998094e+02 5.894815238e+01*       
*        1.000000000e+01
GRID*                406                 1.143506287e+02 6.535451753e+01*       
*        1.000000000e+01
GRID*                407                 1.153073373e+02 6.304481870e+01*       
*        1.000000000e+01
GRID*                408                 1.162640459e+02 6.073511987e+01*       
*        1.000000000e+01
GRID*                409                 1.187500000e+02 6.752404736e+01*       
*        1.000000000e+01
GRID*                410                 1.200000000e+02 6.535898385e+01*       
*        1.000000000e+01
GRID*                411                 1.212500000e+02 6.319392034e+01*       
*        1.000000000e+01
GRID*                412                 1.228285536e+02 7.024924974e+01*       
*        1.000000000e+01
GRID*                413                 1.243504572e+02 6.826586639e+01*       
*        1.000000000e+01
GRID*                414                 1.258723607e+02 6.628248304e+01*       
*        1.000000000e+01
GRID*                415                 1.265165043e+02 7.348349571e+01*       
*        1.000000000e+01
GRID*                416                 1.282842712e+02 7.171572875e+01*       
*        1.000000000e+01
GRID*                417                 1.300520382e+02 6.994796180e+01*       
*        1.000000000e+01
GRID*                418                 1.297507503e+02 7.717144641e+01*       
*        1.000000000e+01
GRID*                419                 1.317341336e+02 7.564954284e+01*       
*        1.000000000e+01
GRID*                420                 1.337175170e+02 7.412763927e+01*       
*        1.000000000e+01
GRID*                421                 1.324759526e+02 8.125000000e+01*       
*        1.000000000e+01
GRID*                422                 1.346410162e+02 8.000000000e+01*       
*        1.000000000e+01
GRID*                423                 1.368060797e+02 7.875000000e+01*       
*        1.000000000e+01
GRID*                424                 1.346454825e+02 8.564937129e+01*       
*        1.000000000e+01
GRID*                425                 1.369551813e+02 8.469266271e+01*       
*        1.000000000e+01
GRID*                426                 1.392648801e+02 8.373595412e+01*       
*        1.000000000e+01
GRID*                427                 1.362222185e+02 9.029428581e+01*       
*        1.000000000e+01
GRID*                428                 1.386370331e+02 8.964723820e+01*       
*        1.000000000e+01
GRID*                429                 1.410518476e+02 8.900019058e+01*       
*        1.000000000e+01
GRID*                430                 1.371791823e+02 9.510526779e+01*       
*        1.000000000e+01
GRID*                431                 1.396577945e+02 9.477895231e+01*       
*        1.000000000e+01
GRID*                432                 1.421364066e+02 9.445263683e+01*       
*        1.000000000e+01
GRID*                433                 1.375000000e+02 1.000000000e+02*       
*        1.500000000e+01
GRID*                434                 1.400000000e+02 1.000000000e+02*       
*        1.500000000e+01
GRID*                435                 1.425000000e+02 1.000000000e+02*       
*        1.500000000e+01
GRID*                436                 1.371791823e+02 1.048947322e+02*       
*        1.500000000e+01
GRID*                437                 1.396577945e+02 1.052210477e+02*       
*        1.500000000e+01
GRID*                438                 1.421364066e+02 1.055473632e+02*       
*        1.500000000e+01
GRID*                439                 1.362222185e+02 1.097057142e+02*       
*        1.500000000e+01
GRID*                440                 1.386370331e+02 1.103527618e+02*       
*        1.500000000e+01
GRID*                441                 1.410518476e+02 1.109998094e+02*       
*        1.500000000e+01
GRID*                442                 1.346454825e+02 1.143506287e+02*       
*        1.500000000e+01
GRID*                443                 1.369551813e+02 1.153073373e+02*       
*        1.500000000e+01
GRID*                444                 1.392648801e+02 1.162640459e+02*       
*        1.500000000e+01
GRID*                445                 1.324759526e+02 1.187500000e+02*       
*        1.500000000e+01
GRID*                446                 1.346410162e+02 1.200000000e+02*       
*        1.500000000e+01
GRID*                447                 1.368060797e+02 1.212500000e+02*       
*        1.500000000e+01
GRID*                448                 1.297507503e+02 1.228285536e+02*       
*        1.500000000e+01
GRID*                449                 1.317341336e+02 1.243504572e+02*       
*        1.500000000e+01
GRID*                450                 1.337175170e+02 1.258723607e+02*       
*        1.500000000e+01
GRID*                451                 1.265165043e+02 1.265165043e+02*       
*        1.500000000e+01
GRID*                452                 1.282842712e+02 1.282842712e+02*       
*        1.500000000e+01
GRID*                453                 1.300520382e+02 1.300520382e+02*       
*        1.500000000e+01
GRID*                454                 1.228285536e+02 1.297507503e+02*       
*        1.500000000e+01
GRID*                455                 1.243504572e+02 1.317341336e+02*       
*        1.500000000e+01
GRID*                456                 1.258723607e+02 1.337175170e+02*       
*        1.500000000e+01
GRID*                457                 1.187500000e+02 1.324759526e+02*       
*        1.500000000e+01
GRID*                458                 1.200000000e+02 1.346410162e+02*       
*        1.500000000e+01
GRID*                459                 1.212500000e+02 1.368060797e+02*       
*        1.500000000e+01
GRID*                460                 1.143506287e+02 1.346454825e+02*       
*        1.500000000e+01
GRID*                461                 1.153073373e+02 1.369551813e+02*       
*        1.500000000e+01
GRID*                462                 1.162640459e+02 1.392648801e+02*       
*        1.500000000e+01
GRID*                463                 1.097057142e+02 1.362222185e+02*       
*        1.500000000e+01
GRID*                464                 1.103527618e+02 1.386370331e+02*       
*        1.500000000e+01
GRID*                465                 1.109998094e+02 1.410518476e+02*       
*        1.500000000e+01
GRID*                466                 1.048947322e+02 1.371791823e+02*       
*        1.500000000e+01
GRID*                467                 1.052210477e+02 1.396577945e+02*       
*        1.500000000e+01
GRID*                468                 1.055473632e+02 1.421364066e+02*       
*        1.500000000e+01
GRID*                469                 1.000000000e+02 1.375000000e+02*       
*        1.500000000e+01
GRID*                470                 1.000000000e+02 1.400000000e+02*       
*        1.500000000e+01
GRID*                471                 1.000000000e+02 1.425000000e+02*       
*        1.500000000e+01
GRID*                472                 9.510526779e+01 1.371791823e+02*       
*        1.500000000e+01
GRID*                473                 9.477895231e+01 1.396577945e+02*       
*        1.500000000e+01
GRID*                474                 9.445263683e+01 1.421364066e+02*       
*        1.500000000e+01
GRID*                475                 9.029428581e+01 1.362222185e+02*       
*        1.500000000e+01
GRID*                476                 8.964723820e+01 1.386370331e+02*       
*        1.500000000e+01
GRID*                477                 8.900019058e+01 1.410518476e+02*       
*        1.500000000e+01
GRID*                478                 8.564937129e+01 1.346454825e+02*       
*        1.500000000e+01
GRID*                479                 8.469266271e+01 1.369551813e+02*       
*        1.500000000e+01
GRID*                480                 8.373595412e+01 1.392648801e+02*       
*        1.500000000e+01
GRID*                481                 8.125000000e+01 1.324759526e+02*       
*        1.500000000e+01
GRID*                482                 8.000000000e+01 1.346410162e+02*       
*        1.500000000e+01
GRID*                483                 7.875000000e+01 1.368060797e+02*       
*        1.500000000e+01
GRID*                484                 7.717144641e+01 1.297507503e+02*       
*        1.500000000e+01
GRID*                485                 7.564954284e+01 1.317341336e+02*       
*        1.500000000e+01
GRID*                486                 7.412763927e+01 1.337175170e+02*       
*        1.500000000e+01
GRID*                487                 7.348349571e+01 1.265165043e+02*       
*        1.500000000e+01
GRID*                488                 7.171572875e+01 1.282842712e+02*       
*        1.500000000e+01
GRID*                489                 6.994796180e+01 1.300520382e+02*       
*        1.500000000e+01
GRID*                490                 7.024924974e+01 1.228285536e+02*       
*        1.500000000e+01
GRID*                491                 6.826586639e+01 1.243504572e+02*       
*        1.500000000e+01
GRID*                492                 6.628248304e+01 1.258723607e+02*       
*        1.500000000e+01
GRID*                493                 6.752404736e+01 1.187500000e+02*       
*        1.500000000e+01
GRID*                494                 6.535898385e+01 1.200000000e+02*       
*        1.500000000e+01
GRID*                495                 6.319392034e+01 1.212500000e+02*       
*        1.500000000e+01
GRID*                496                 6.535451753e+01 1.143506287e+02*       
*        1.500000000e+01
GRID*                497                 6.304481870e+01 1.153073373e+02*       
*        1.500000000e+01
GRID*                498                 6.073511987e+01 1.162640459e+02*       
*        1.500000000e+01
GRID*                499                 6.377778151e+01 1.097057142e+02*       
*        1.500000000e+01
GRID*                500                 6.136296695e+01 1.103527618e+02*       
*        1.500000000e+01
GRID*                501                 5.894815238e+01 1.109998094e+02*       
*        1.500000000e+01
GRID*                502                 6.282081770e+01 1.048947322e+02*       
*        1.500000000e+01
GRID*                503                 6.034220555e+01 1.052210477e+02*       
*        1.500000000e+01
GRID*                504                 5.786359339e+01 1.055473632e+02*       
*        1.500000000e+01
GRID*                505                 6.250000000e+01 1.000000000e+02*       
*        1.500000000e+01
GRID*                506                 6.000000000e+01 1.000000000e+02*       
*        1.500000000e+01
GRID*                507                 5.750000000e+01 1.000000000e+02*       
*        1.500000000e+01
GRID*                508                 6.282081770e+01 9.510526779e+01*       
*        1.500000000e+01
GRID*                509                 6.034220555e+01 9.477895231e+01*       
*        1.500000000e+01
GRID*                510                 5.786359339e+01 9.445263683e+01*       
*        1.500000000e+01
GRID*                511                 6.377778151e+01 9.029428581e+01*       
*        1.500000000e+01
GRID*                512                 6.136296695e+01 8.964723820e+01*       
*        1.500000000e+01
GRID*                513                 5.894815238e+01 8.900019058e+01*       
*        1.500000000e+01
GRID*                514                 6.535451753e+01 8.564937129e+01*       
*        1.500000000e+01
GRID*                515                 6.304481870e+01 8.469266271e+01*       
*        1.500000000e+01
GRID*                516                 6.073511987e+01 8.373595412e+01*       
*        1.500000000e+01
GRID*                517                 6.752404736e+01 8.125000000e+01*       
*        1.500000000e+01
GRID*                518                 6.535898385e+01 8.000000000e+01*       
*        1.500000000e+01
GRID*                519                 6.319392034e+01 7.875000000e+01*       
*        1.500000000e+01
GRID*                520                 7.024924974e+01 7.717144641e+01*       
*        1.500000000e+01
GRID*                521                 6.826586639e+01 7.564954284e+01*       
*        1.500000000e+01
GRID*                522                 6.628248304e+01 7.412763927e+01*       
*        1.500000000e+01
GRID*                523                 7.348349571e+01 7.348349571e+01*       
*        1.500000000e+01
GRID*                524                 7.171572875e+01 7.171572875e+01*       
*        1.500000000e+01
GRID*                525                 6.994796180e+01 6.994796180e+01*       
*        1.500000000e+01
GRID*                526                 7.717144641e+01 7.024924974e+01*       
*        1.500000000e+01
GRID*                527                 7.564954284e+01 6.826586639e+01*       
*        1.500000000e+01
GRID*                528                 7.412763927e+01 6.628248304e+01*       
*        1.500000000e+01
GRID*                529                 8.125000000e+01 6.752404736e+01*       
*        1.500000000e+01
GRID*                530                 8.000000000e+01 6.535898385e+01*       
*        1.500000000e+01
GRID*                531                 7.875000000e+01 6.319392034e+01*       
*        1.500000000e+01
GRID*                532                 8.564937129e+01 6.535451753e+01*       
*        1.500000000e+01
GRID*                533                 8.469266271e+01 6.304481870e+01*       
*        1.500000000e+01
GRID*                534                 8.373595412e+01 6.073511987e+01*       
*        1.500000000e+01
GRID*                535                 9.029428581e+01 6.377778151e+01*       
*        1.500000000e+01
GRID*                536                 8.964723820e+01 6.136296695e+01*       
*        1.500000000e+01
GRID*                537                 8.900019058e+01 5.894815238e+01*       
*        1.500000000e+01
GRID*                538                 9.510526779e+01 6.282081770e+01*       
*        1.500000000e+01
GRID*                539                 9.477895231e+01 6.034220555e+01*       
*        1.500000000e+01
GRID*                540                 9.445263683e+01 5.786359339e+01*       
*        1.500000000e+01
GRID*                541                 1.000000000e+02 6.250000000e+01*       
*        1.500000000e+01
GRID*                542                 1.000000000e+02 6.000000000e+01*       
*        1.500000000e+01
GRID*                543                 1.000000000e+02 5.750000000e+01*       
*        1.500000000e+01
GRID*                544                 1.048947322e+02 6.282081770e+01*       
*        1.500000000e+01
GRID*                545                 1.052210477e+02 6.034220555e+01*       
*        1.500000000e+01
GRID*                546                 1.055473632e+02 5.786359339e+01*       
*        1.500000000e+01
GRID*                547                 1.097057142e+02 6.377778151e+01*       
*        1.500000000e+01
GRID*                548                 1.103527618e+02 6.136296695e+01*       
*        1.500000000e+01
GRID*                549                 1.109998094e+02 5.894815238e+01*       
*        1.500000000e+01
GRID*                550                 1.143506287e+02 6.535451753e+01*       
*        1.500000000e+01
GRID*                551                 1.153073373e+02 6.304481870e+01*       
*        1.500000000e+01
GRID*                552                 1.162640459e+02 6.073511987e+01*       
*        1.500000000e+01
GRID*                553                 1.187500000e+02 6.752404736e+01*       
*        1.500000000e+01
GRID*                554                 1.200000000e+02 6.535898385e+01*       
*        1.500000000e+01
GRID*                555                 1.212500000e+02 6.319392034e+01*       
*        1.500000000e+01
GRID*                556                 1.228285536e+02 7.024924974e+01*       
*        1.500000000e+01
GRID*                557                 1.243504572e+02 6.826586639e+01*       
*        1.500000000e+01
GRID*                558                 1.258723607e+02 6.628248304e+01*       
*        1.500000000e+01
GRID*                559                 1.265165043e+02 7.348349571e+01*       
*        1.500000000e+01
GRID*                560                 1.282842712e+02 7.171572875e+01*       
*        1.500000000e+01
GRID*                561                 1.300520382e+02 6.994796180e+01*       
*        1.500000000e+01
GRID*                562                 1.297507503e+02 7.717144641e+01*       
*        1.500000000e+01
GRID*                563                 1.317341336e+02 7.564954284e+01*       
*        1.500000000e+01
GRID*                564                 1.337175170e+02 7.412763927e+01*       
*        1.500000000e+01
GRID*                565                 1.324759526e+02 8.125000000e+01*       
*        1.500000000e+01
GRID*                566                 1.346410162e+02 8.000000000e+01*       
*        1.500000000e+01
GRID*                567                 1.368060797e+02 7.875000000e+01*       
*        1.500000000e+01
GRID*                568                 1.346454825e+02 8.564937129e+01*       
*        1.500000000e+01
GRID*                569                 1.369551813e+02 8.469266271e+01*       
*        1.500000000e+01
GRID*                570                 1.392648801e+02 8.373595412e+01*       
*        1.500000000e+01
GRID*                571                 1.362222185e+02 9.029428581e+01*       
*        1.500000000e+01
GRID*                572                 1.386370331e+02 8.964723820e+01*       
*        1.500000000e+01
GRID*                573                 1.410518476e+02 8.900019058e+01*       
*        1.500000000e+01
GRID*                574                 1.371791823e+02 9.510526779e+01*       
*        1.500000000e+01
GRID*                575                 1.396577945e+02 9.477895231e+01*       
*        1.500000000e+01
GRID*                576                 1.421364066e+02 9.445263683e+01*       
*        1.500000000e+01
GRID*                577                 1.375000000e+02 1.000000000e+02*       
*        2.000000000e+01
GRID*                578                 1.400000000e+02 1.000000000e+02*       
*        2.000000000e+01
GRID*                579                 1.425000000e+02 1.000000000e+02*       
*        2.000000000e+01
GRID*                580                 1.371791823e+02 1.048947322e+02*       
*        2.000000000e+01
GRID*                581                 1.396577945e+02 1.052210477e+02*       
*        2.000000000e+01
GRID*                582                 1.421364066e+02 1.055473632e+02*       
*        2.000000000e+01
GRID*                583                 1.362222185e+02 1.097057142e+02*       
*        2.000000000e+01
GRID*                584                 1.386370331e+02 1.103527618e+02*       
*        2.000000000e+01
GRID*                585                 1.410518476e+02 1.109998094e+02*       
*        2.000000000e+01
GRID*                586                 1.346454825e+02 1.143506287e+02*       
*        2.000000000e+01
GRID*                587                 1.369551813e+02 1.153073373e+02*       
*        2.000000000e+01
GRID*                588                 1.392648801e+02 1.162640459e+02*       
*        2.000000000e+01
GRID*                589                 1.324759526e+02 1.187500000e+02*       
*        2.000000000e+01
GRID*                590                 1.346410162e+02 1.200000000e+02*       
*        2.000000000e+01
GRID*                591                 1.368060797e+02 1.212500000e+02*       
*        2.000000000e+01
GRID*                592                 1.297507503e+02 1.228285536e+02*       
*        2.000000000e+01
GRID*                593                 1.317341336e+02 1.243504572e+02*       
*        2.000000000e+01
GRID*                594                 1.337175170e+02 1.258723607e+02*       
*        2.000000000e+01
GRID*                595                 1.265165043e+02 1.265165043e+02*       
*        2.000000000e+01
GRID*                596                 1.282842712e+02 1.282842712e+02*       
*        2.000000000e+01
GRID*                597                 1.300520382e+02 1.300520382e+02*       
*        2.000000000e+01
GRID*                598                 1.228285536e+02 1.297507503e+02*       
*        2.000000000e+01
GRID*                599                 1.243504572e+02 1.317341336e+02*       
*        2.000000000e+01
GRID*                600                 1.258723607e+02 1.337175170e+02*       
*        2.000000000e+01
GRID*                601                 1.187500000e+02 1.324759526e+02*       
*        2.000000000e+01
GRID*                602                 1.200000000e+02 1.346410162e+02*       
*        2.000000000e+01
GRID*                603                 1.212500000e+02 1.368060797e+02*       
*        2.000000000e+01
GRID*                604                 1.143506287e+02 1.346454825e+02*       
*        2.000000000e+01
GRID*                605                 1.153073373e+02 1.369551813e+02*       
*        2.000000000e+01
GRID*                606                 1.162640459e+02 1.392648801e+02*       
*        2.000000000e+01
GRID*                607                 1.097057142e+02 1.362222185e+02*       
*        2.000000000e+01
GRID*                608                 1.103527618e+02 1.386370331e+02*       
*        2.000000000e+01
GRID*                609                 1.109998094e+02 1.410518476e+02*       
*        2.000000000e+01
GRID*                610                 1.048947322e+02 1.371791823e+02*       
*        2.000000000e+01
GRID*                611                 1.052210477e+02 1.396577945e+02*       
*        2.000000000e+01
GRID*                612                 1.055473632e+02 1.421364066e+02*       
*        2.000000000e+01
GRID*                613                 1.000000000e+02 1.375000000e+02*       
*        2.000000000e+01
GRID*                614                 1.000000000e+02 1.400000000e+02*       
*        2.000000000e+01
GRID*                615                 1.000000000e+02 1.425000000e+02*       
*        2.000000000e+01
GRID*                616                 9.510526779e+01 1.371791823e+02*       
*        2.000000000e+01
GRID*                617                 9.477895231e+01 1.396577945e+02*       
*        2.000000000e+01
GRID*                618                 9.445263683e+01 1.421364066e+02*       
*        2.000000000e+01
GRID*                619                 9.029428581e+01 1.362222185e+02*       
*        2.000000000e+01
GRID*                620                 8.964723820e+01 1.386370331e+02*       
*        2.000000000e+01
GRID*                621                 8.900019058e+01 1.410518476e+02*       
*        2.000000000e+01
GRID*                622                 8.564937129e+01 1.346454825e+02*       
*        2.000000000e+01
GRID*                623                 8.469266271e+01 1.369551813e+02*       
*        2.000000000e+01
GRID*                624                 8.373595412e+01 1.392648801e+02*       
*        2.000000000e+01
GRID*                625                 8.125000000e+01 1.324759526e+02*       
*        2.000000000e+01
GRID*                626                 8.000000000e+01 1.346410162e+02*       
*        2.000000000e+01
GRID*                627                 7.875000000e+01 1.368060797e+02*       
*        2.000000000e+01
GRID*                628                 7.717144641e+01 1.297507503e+02*       
*        2.000000000e+01
GRID*                629                 7.564954284e+01 1.317341336e+02*       
*        2.000000000e+01
GRID*                630                 7.412763927e+01 1.337175170e+02*       
*        2.000000000e+01
GRID*                631                 7.348349571e+01 1.265165043e+02*       
*        2.000000000e+01
GRID*                632                 7.171572875e+01 1.282842712e+02*       
*        2.000000000e+01
GRID*                633                 6.994796180e+01 1.300520382e+02*       
*        2.000000000e+01
GRID*                634                 7.024924974e+01 1.228285536e+02*       
*        2.000000000e+01
GRID*                635                 6.826586639e+01 1.243504572e+02*       
*        2.000000000e+01
GRID*                636                 6.628248304e+01 1.258723607e+02*       
*        2.000000000e+01
GRID*                637                 6.752404736e+01 1.187500000e+02*       
*        2.000000000e+01
GRID*                638                 6.535898385e+01 1.200000000e+02*       
*        2.000000000e+01
GRID*                639                 6.319392034e+01 1.212500000e+02*       
*        2.000000000e+01
GRID*                640                 6.535451753e+01 1.143506287e+02*       
*        2.000000000e+01
GRID*                641                 6.304481870e+01 1.153073373e+02*       
*        2.000000000e+01
GRID*                642                 6.073511987e+01 1.162640459e+02*       
*        2.000000000e+01
GRID*                643                 6.377778151e+01 1.097057142e+02*       
*        2.000000000e+01
GRID*                644                 6.136296695e+01 1.103527618e+02*       
*        2.000000000e+01
GRID*                645                 5.894815238e+01 1.109998094e+02*       
*        2.000000000e+01
GRID*                646                 6.282081770e+01 1.048947322e+02*       
*        2.000000000e+01
GRID*                647                 6.034220555e+01 1.052210477e+02*       
*        2.000000000e+01
GRID*                648                 5.786359339e+01 1.055473632e+02*       
*        2.000000000e+01
GRID*                649                 6.250000000e+01 1.000000000e+02*       
*        2.000000000e+01
GRID*                650                 6.000000000e+01 1.000000000e+02*       
*        2.000000000e+01
GRID*                651                 5.750000000e+01 1.000000000e+02*       
*        2.000000000e+01
GRID*                652                 6.282081770e+01 9.510526779e+01*       
*        2.000000000e+01
GRID*                653                 6.034220555e+01 9.477895231e+01*       
*        2.000000000e+01
GRID*                654                 5.786359339e+01 9.445263683e+01*       
*        2.000000000e+01
GRID*                655                 6.377778151e+01 9.029428581e+01*       
*        2.000000000e+01
GRID*                656                 6.136296695e+01 8.964723820e+01*       
*        2.000000000e+01
GRID*                657                 5.894815238e+01 8.900019058e+01*       
*        2.000000000e+01
GRID*                658                 6.535451753e+01 8.564937129e+01*       
*        2.000000000e+01
GRID*                659                 6.304481870e+01 8.469266271e+01*       
*        2.000000000e+01
GRID*                660                 6.073511987e+01 8.373595412e+01*       
*        2.000000000e+01
GRID*                661                 6.752404736e+01 8.125000000e+01*       
*        2.000000000e+01
GRID*                662                 6.535898385e+01 8.000000000e+01*       
*        2.000000000e+01
GRID*                663                 6.319392034e+01 7.875000000e+01*       
*        2.000000000e+01
GRID*                664                 7.024924974e+01 7.717144641e+01*       
*        2.000000000e+01
GRID*                665                 6.826586639e+01 7.564954284e+01*       
*        2.000000000e+01
GRID*                666                 6.628248304e+01 7.412763927e+01*       
*        2.000000000e+01
GRID*                667                 7.348349571e+01 7.348349571e+01*       
*        2.000000000e+01
GRID*                668                 7.171572875e+01 7.171572875e+01*       
*        2.000000000e+01
GRID*                669                 6.994796180e+01 6.994796180e+01*       
*        2.000000000e+01
GRID*                670                 7.717144641e+01 7.024924974e+01*       
*        2.000000000e+01
GRID*                671                 7.564954284e+01 6.826586639e+01*       
*        2.000000000e+01
GRID*                672                 7.412763927e+01 6.628248304e+01*       
*        2.000000000e+01
GRID*                673                 8.125000000e+01 6.752404736e+01*       
*        2.000000000e+01
GRID*                674                 8.000000000e+01 6.535898385e+01*       
*        2.000000000e+01
GRID*                675                 7.875000000e+01 6.319392034e+01*       
*        2.000000000e+01
GRID*                676                 8.564937129e+01 6.535451753e+01*       
*        2.000000000e+01
GRID*                677                 8.469266271e+01 6.304481870e+01*       
*        2.000000000e+01
GRID*                678                 8.373595412e+01 6.073511987e+01*       
*        2.000000000e+01
GRID*                679                 9.029428581e+01 6.377778151e+01*       
*        2.000000000e+01
GRID*                680                 8.964723820e+01 6.136296695e+01*       
*        2.000000000e+01
GRID*                681                 8.900019058e+01 5.894815238e+01*       
*        2.000000000e+01
GRID*                682                 9.510526779e+01 6.282081770e+01*       
*        2.000000000e+01
GRID*                683                 9.477895231e+01 6.034220555e+01*       
*        2.000000000e+01
GRID*                684                 9.445263683e+01 5.786359339e+01*       
*        2.000000000e+01
GRID*                685                 1.000000000e+02 6.250000000e+01*       
*        2.000000000e+01
GRID*                686                 1.000000000e+02 6.000000000e+01*       
*        2.000000000e+01
GRID*                687                 1.000000000e+02 5.750000000e+01*       
*        2.000000000e+01
GRID*                688                 1.048947322e+02 6.282081770e+01*       
*        2.000000000e+01
GRID*                689                 1.052210477e+02 6.034220555e+01*       
*        2.000000000e+01
GRID*                690                 1.055473632e+02 5.786359339e+01*       
*        2.000000000e+01
GRID*                691                 1.097057142e+02 6.377778151e+01*       
*        2.000000000e+01
GRID*                692                 1.103527618e+02 6.136296695e+01*       
*        2.000000000e+01
GRID*                693                 1.109998094e+02 5.894815238e+01*       
*        2.000000000e+01
GRID*                694                 1.143506287e+02 6.535451753e+01*       
*        2.000000000e+01
GRID*                695                 1.153073373e+02 6.304481870e+01*       
*        2.000000000e+01
GRID*                696                 1.162640459e+02 6.073511987e+01*       
*        2.000000000e+01
GRID*                697                 1.187500000e+02 6.752404736e+01*       
*        2.000000000e+01
GRID*                698                 1.200000000e+02 6.535898385e+01*       
*        2.000000000e+01
GRID*                699                 1.212500000e+02 6.319392034e+01*       
*        2.000000000e+01
GRID*                700                 1.228285536e+02 7.024924974e+01*       
*        2.000000000e+01
GRID*                701                 1.243504572e+02 6.826586639e+01*       
*        2.000000000e+01
GRID*                702                 1.258723607e+02 6.628248304e+01*       
*        2.000000000e+01
GRID*                703                 1.265165043e+02 7.348349571e+01*       
*        2.000000000e+01
GRID*                704                 1.282842712e+02 7.171572875e+01*       
*        2.000000000e+01
GRID*                705                 1.300520382e+02 6.994796180e+01*       
*        2.000000000e+01
GRID*                706                 1.297507503e+02 7.717144641e+01*       
*        2.000000000e+01
GRID*                707                 1.317341336e+02 7.564954284e+01*       
*        2.000000000e+01
GRID*                708                 1.337175170e+02 7.412763927e+01*       
*        2.000000000e+01
GRID*                709                 1.324759526e+02 8.125000000e+01*       
*        2.000000000e+01
GRID*                710                 1.346410162e+02 8.000000000e+01*       
*        2.000000000e+01
GRID*                711                 1.368060797e+02 7.875000000e+01*       
*        2.000000000e+01
GRID*                712                 1.346454825e+02 8.564937129e+01*       
*        2.000000000e+01
GRID*                713                 1.369551813e+02 8.469266271e+01*       
*        2.000000000e+01
GRID*                714                 1.392648801e+02 8.373595412e+01*       
*        2.000000000e+01
GRID*                715                 1.362222185e+02 9.029428581e+01*       
*        2.000000000e+01
GRID*                716                 1.386370331e+02 8.964723820e+01*       
*        2.000000000e+01
GRID*                717                 1.410518476e+02 8.900019058e+01*       
*        2.000000000e+01
GRID*                718                 1.371791823e+02 9.510526779e+01*       
*        2.000000000e+01
GRID*                719                 1.396577945e+02 9.477895231e+01*       
*        2.000000000e+01
GRID*                720                 1.421364066e+02 9.445263683e+01*       
*        2.000000000e+01
GRID*                721                 1.375000000e+02 1.000000000e+02*       
*        2.500000000e+01
GRID*                722                 1.400000000e+02 1.000000000e+02*       
*        2.500000000e+01
GRID*                723                 1.425000000e+02 1.000000000e+02*       
*        2.500000000e+01
GRID*                724                 1.371791823e+02 1.048947322e+02*       
*        2.500000000e+01
GRID*                725                 1.396577945e+02 1.052210477e+02*       
*        2.500000000e+01
GRID*                726                 1.421364066e+02 1.055473632e+02*       
*        2.500000000e+01
GRID*                727                 1.362222185e+02 1.097057142e+02*       
*        2.500000000e+01
GRID*                728                 1.386370331e+02 1.103527618e+02*       
*        2.500000000e+01
GRID*                729                 1.410518476e+02 1.109998094e+02*       
*        2.500000000e+01
GRID*                730                 1.346454825e+02 1.143506287e+02*       
*        2.500000000e+01
GRID*                731                 1.369551813e+02 1.153073373e+02*       
*        2.500000000e+01
GRID*                732                 1.392648801e+02 1.162640459e+02*       
*        2.500000000e+01
GRID*                733                 1.324759526e+02 1.187500000e+02*       
*        2.500000000e+01
GRID*                734                 1.346410162e+02 1.200000000e+02*       
*        2.500000000e+01
GRID*                735                 1.368060797e+02 1.212500000e+02*       
*        2.500000000e+01
GRID*                736                 1.297507503e+02 1.228285536e+02*       
*        2.500000000e+01
GRID*                737                 1.317341336e+02 1.243504572e+02*       
*        2.500000000e+01
GRID*                738                 1.337175170e+02 1.258723607e+02*       
*        2.500000000e+01
GRID*                739                 1.265165043e+02 1.265165043e+02*       
*        2.500000000e+01
GRID*                740                 1.282842712e+02 1.282842712e+02*       
*        2.500000000e+01
GRID*                741                 1.300520382e+02 1.300520382e+02*       
*        2.500000000e+01
GRID*                742                 1.228285536e+02 1.297507503e+02*       
*        2.500000000e+01
GRID*                743                 1.243504572e+02 1.317341336e+02*       
*        2.500000000e+01
GRID*                744                 1.258723607e+02 1.337175170e+02*       
*        2.500000000e+01
GRID*                745                 1.187500000e+02 1.324759526e+02*       
*        2.500000000e+01
GRID*                746                 1.200000000e+02 1.346410162e+02*       
*        2.500000000e+01
GRID*                747                 1.212500000e+02 1.368060797e+02*       
*        2.500000000e+01
GRID*                748                 1.143506287e+02 1.346454825e+02*       
*        2.500000000e+01
GRID*                749                 1.153073373e+02 1.369551813e+02*       
*        2.500000000e+01
GRID*                750                 1.162640459e+02 1.392648801e+02*       
*        2.500000000e+01
GRID*                751                 1.097057142e+02 1.362222185e+02*       
*        2.500000000e+01
GRID*                752                 1.103527618e+02 1.386370331e+02*       
*        2.500000000e+01
GRID*                753                 1.109998094e+02 1.410518476e+02*       
*        2.500000000e+01
GRID*                754                 1.048947322e+02 1.371791823e+02*       
*        2.500000000e+01
GRID*                755                 1.052210477e+02 1.396577945e+02*       
*        2.500000000e+01
GRID*                756                 1.055473632e+02 1.421364066e+02*       
*        2.500000000e+01
GRID*                757                 1.000000000e+02 1.375000000e+02*       
*        2.500000000e+01
GRID*                758                 1.000000000e+02 1.400000000e+02*       
*        2.500000000e+01
GRID*                759                 1.000000000e+02 1.425000000e+02*       
*        2.500000000e+01
GRID*                760                 9.510526779e+01 1.371791823e+02*       
*        2.500000000e+01
GRID*                761                 9.477895231e+01 1.396577945e+02*       
*        2.500000000e+01
GRID*                762                 9.445263683e+01 1.421364066e+02*       
*        2.500000000e+01
GRID*                763                 9.029428581e+01 1.362222185e+02*       
*        2.500000000e+01
GRID*                764                 8.964723820e+01 1.386370331e+02*       
*        2.500000000e+01
GRID*                765                 8.900019058e+01 1.410518476e+02*       
*        2.500000000e+01
GRID*                766                 8.564937129e+01 1.346454825e+02*       
*        2.500000000e+01
GRID*                767                 8.469266271e+01 1.369551813e+02*       
*        2.500000000e+01
GRID*                768                 8.373595412e+01 1.392648801e+02*       
*        2.500000000e+01
GRID*                769                 8.125000000e+01 1.324759526e+02*       
*        2.500000000e+01
GRID*                770                 8.000000000e+01 1.346410162e+02*       
*        2.500000000e+01
GRID*                771                 7.875000000e+01 1.368060797e+02*       
*        2.500000000e+01
GRID*                772                 7.717144641e+01 1.297507503e+02*       
*        2.500000000e+01
GRID*                773                 7.564954284e+01 1.317341336e+02*       
*        2.500000000e+01
GRID*                774                 7.412763927e+01 1.337175170e+02*       
*        2.500000000e+01
GRID*                775                 7.348349571e+01 1.265165043e+02*       
*        2.500000000e+01
GRID*                776                 7.171572875e+01 1.282842712e+02*       
*        2.500000000e+01
GRID*                777                 6.994796180e+01 1.300520382e+02*       
*        2.500000000e+01
GRID*                778                 7.024924974e+01 1.228285536e+02*       
*        2.500000000e+01
GRID*                779                 6.826586639e+01 1.243504572e+02*       
*        2.500000000e+01
GRID*                780                 6.628248304e+01 1.258723607e+02*       
*        2.500000000e+01
GRID*                781                 6.752404736e+01 1.187500000e+02*       
*        2.500000000e+01
GRID*                782                 6.535898385e+01 1.200000000e+02*       
*        2.500000000e+01
GRID*                783                 6.319392034e+01 1.212500000e+02*       
*        2.500000000e+01
GRID*                784                 6.535451753e+01 1.143506287e+02*       
*        2.500000000e+01
GRID*                785                 6.304481870e+01 1.153073373e+02*       
*        2.500000000e+01
GRID*                786                 6.073511987e+01 1.162640459e+02*       
*        2.500000000e+01
GRID*                787                 6.377778151e+01 1.097057142e+02*       
*        2.500000000e+01
GRID*                788                 6.136296695e+01 1.103527618e+02*       
*        2.500000000e+01
GRID*                789                 5.894815238e+01 1.109998094e+02*       
*        2.500000000e+01
GRID*                790                 6.282081770e+01 1.048947322e+02*       
*        2.500000000e+01
GRID*                791                 6.034220555e+01 1.052210477e+02*       
*        2.500000000e+01
GRID*                792                 5.786359339e+01 1.055473632e+02*       
*        2.500000000e+01
GRID*                793                 6.250000000e+01 1.000000000e+02*       
*        2.500000000e+01
GRID*                794                 6.000000000e+01 1.000000000e+02*       
*        2.500000000e+01
GRID*                795                 5.750000000e+01 1.000000000e+02*       
*        2.500000000e+01
GRID*                796                 6.282081770e+01 9.510526779e+01*       
*        2.500000000e+01
GRID*                797                 6.034220555e+01 9.477895231e+01*       
*        2.500000000e+01
GRID*                798                 5.786359339e+01 9.445263683e+01*       
*        2.500000000e+01
GRID*                799                 6.377778151e+01 9.029428581e+01*       
*        2.500000000e+01
GRID*                800                 6.136296695e+01 8.964723820e+01*       
*        2.500000000e+01
GRID*                801                 5.894815238e+01 8.900019058e+01*       
*        2.500000000e+01
GRID*                802                 6.535451753e+01 8.564937129e+01*       
*        2.500000000e+01
GRID*                803                 6.304481870e+01 8.469266271e+01*       
*        2.500000000e+01
GRID*                804                 6.073511987e+01 8.373595412e+01*       
*        2.500000000e+01
GRID*                805                 6.752404736e+01 8.125000000e+01*       
*        2.500000000e+01
GRID*                806                 6.535898385e+01 8.000000000e+01*       
*        2.500000000e+01
GRID*                807                 6.319392034e+01 7.875000000e+01*       
*        2.500000000e+01
GRID*                808                 7.024924974e+01 7.717144641e+01*       
*        2.500000000e+01
GRID*                809                 6.826586639e+01 7.564954284e+01*       
*        2.500000000e+01
GRID*                810                 6.628248304e+01 7.412763927e+01*       
*        2.500000000e+01
GRID*                811                 7.348349571e+01 7.348349571e+01*       
*        2.500000000e+01
GRID*                812                 7.171572875e+01 7.171572875e+01*       
*        2.500000000e+01
GRID*                813                 6.994796180e+01 6.994796180e+01*       
*        2.500000000e+01
GRID*                814                 7.717144641e+01 7.024924974e+01*       
*        2.500000000e+01
GRID*                815                 7.564954284e+01 6.826586639e+01*       
*        2.500000000e+01
GRID*                816                 7.412763927e+01 6.628248304e+01*       
*        2.500000000e+01
GRID*                817                 8.125000000e+01 6.752404736e+01*       
*        2.500000000e+01
GRID*                818                 8.000000000e+01 6.535898385e+01*       
*        2.500000000e+01
GRID*                819                 7.875000000e+01 6.319392034e+01*       
*        2.500000000e+01
GRID*                820                 8.564937129e+01 6.535451753e+01*       
*        2.500000000e+01
GRID*                821                 8.469266271e+01 6.304481870e+01*       
*        2.500000000e+01
GRID*                822                 8.373595412e+01 6.073511987e+01*       
*        2.500000000e+01
GRID*                823                 9.029428581e+01 6.377778151e+01*       
*        2.500000000e+01
GRID*                824                 8.964723820e+01 6.136296695e+01*       
*        2.500000000e+01
GRID*                825                 8.900019058e+01 5.894815238e+01*       
*        2.500000000e+01
GRID*                826                 9.510526779e+01 6.282081770e+01*       
*        2.500000000e+01
GRID*                827                 9.477895231e+01 6.034220555e+01*       
*        2.500000000e+01
GRID*                828                 9.445263683e+01 5.786359339e+01*       
*        2.500000000e+01
GRID*                829                 1.000000000e+02 6.250000000e+01*       
*        2.500000000e+01
GRID*                830                 1.000000000e+02 6.000000000e+01*       
*        2.500000000e+01
GRID*                831                 1.000000000e+02 5.750000000e+01*       
*        2.500000000e+01
GRID*                832                 1.048947322e+02 6.282081770e+01*       
*        2.500000000e+01
GRID*                833                 1.052210477e+02 6.034220555e+01*       
*        2.500000000e+01
GRID*                834                 1.055473632e+02 5.786359339e+01*       
*        2.500000000e+01
GRID*                835                 1.097057142e+02 6.377778151e+01*       
*        2.500000000e+01
GRID*                836                 1.103527618e+02 6.136296695e+01*       
*        2.500000000e+01
GRID*                837                 1.109998094e+02 5.894815238e+01*       
*        2.500000000e+01
GRID*                838                 1.143506287e+02 6.535451753e+01*       
*        2.500000000e+01
GRID*                839                 1.153073373e+02 6.304481870e+01*       
*        2.500000000e+01
GRID*                840                 1.162640459e+02 6.073511987e+01*       
*        2.500000000e+01
GRID*                841                 1.187500000e+02 6.752404736e+01*       
*        2.500000000e+01
GRID*                842                 1.200000000e+02 6.535898385e+01*       
*        2.500000000e+01
GRID*                843                 1.212500000e+02 6.319392034e+01*       
*        2.500000000e+01
GRID*                844                 1.228285536e+02 7.024924974e+01*       
*        2.500000000e+01
GRID*                845                 1.243504572e+02 6.826586639e+01*       
*        2.500000000e+01
GRID*                846                 1.258723607e+02 6.628248304e+01*       
*        2.500000000e+01
GRID*                847                 1.265165043e+02 7.348349571e+01*       
*        2.500000000e+01
GRID*                848                 1.282842712e+02 7.171572875e+01*       
*        2.500000000e+01
GRID*                849                 1.300520382e+02 6.994796180e+01*       
*        2.500000000e+01
GRID*                850                 1.297507503e+02 7.717144641e+01*       
*        2.500000000e+01
GRID*                851                 1.317341336e+02 7.564954284e+01*       
*        2.500000000e+01
GRID*                852                 1.337175170e+02 7.412763927e+01*       
*        2.500000000e+01
GRID*                853                 1.324759526e+02 8.125000000e+01*       
*        2.500000000e+01
GRID*                854                 1.346410162e+02 8.000000000e+01*       
*        2.500000000e+01
GRID*                855                 1.368060797e+02 7.875000000e+01*       
*        2.500000000e+01
GRID*                856                 1.346454825e+02 8.564937129e+01*       
*        2.500000000e+01
GRID*                857                 1.369551813e+02 8.469266271e+01*       
*        2.500000000e+01
GRID*                858                 1.392648801e+02 8.373595412e+01*       
*        2.500000000e+01
GRID*                859                 1.362222185e+02 9.029428581e+01*       
*        2.500000000e+01
GRID*                860                 1.386370331e+02 8.964723820e+01*       
*        2.500000000e+01
GRID*                861                 1.410518476e+02 8.900019058e+01*       
*        2.500000000e+01
GRID*                862                 1.371791823e+02 9.510526779e+01*       
*        2.500000000e+01
GRID*                863                 1.396577945e+02 9.477895231e+01*       
*        2.500000000e+01
GRID*                864                 1.421364066e+02 9.445263683e+01*       
*        2.500000000e+01
GRID*                865                 1.375000000e+02 1.000000000e+02*       
*        3.000000000e+01
GRID*                866                 1.400000000e+02 1.000000000e+02*       
*        3.000000000e+01
GRID*                867                 1.425000000e+02 1.000000000e+02*       
*        3.000000000e+01
GRID*                868                 1.371791823e+02 1.048947322e+02*       
*        3.000000000e+01
GRID*                869                 1.396577945e+02 1.052210477e+02*       
*        3.000000000e+01
GRID*                870                 1.421364066e+02 1.055473632e+02*       
*        3.000000000e+01
GRID*                871                 1.362222185e+02 1.097057142e+02*       
*        3.000000000e+01
GRID*                872                 1.386370331e+02 1.103527618e+02*       
*        3.000000000e+01
GRID*                873                 1.410518476e+02 1.109998094e+02*       
*        3.000000000e+01
GRID*                874                 1.346454825e+02 1.143506287e+02*       
*        3.000000000e+01
GRID*                875                 1.369551813e+02 1.153073373e+02*       
*        3.000000000e+01
GRID*                876                 1.392648801e+02 1.162640459e+02*       
*        3.000000000e+01
GRID*                877                 1.324759526e+02 1.187500000e+02*       
*        3.000000000e+01
GRID*                878                 1.346410162e+02 1.200000000e+02*       
*        3.000000000e+01
GRID*                879                 1.368060797e+02 1.212500000e+02*       
*        3.000000000e+01
GRID*                880                 1.297507503e+02 1.228285536e+02*       
*        3.000000000e+01
GRID*                881                 1.317341336e+02 1.243504572e+02*       
*        3.000000000e+01
GRID*                882                 1.337175170e+02 1.258723607e+02*       
*        3.000000000e+01
GRID*                883                 1.265165043e+02 1.265165043e+02*       
*        3.000000000e+01
GRID*                884                 1.282842712e+02 1.282842712e+02*       
*        3.000000000e+01
GRID*                885                 1.300520382e+02 1.300520382e+02*       
*        3.000000000e+01
GRID*                886                 1.228285536e+02 1.297507503e+02*       
*        3.000000000e+01
GRID*                887                 1.243504572e+02 1.317341336e+02*       
*        3.000000000e+01
GRID*                888                 1.258723607e+02 1.337175170e+02*       
*        3.000000000e+01
GRID*                889                 1.187500000e+02 1.324759526e+02*       
*        3.000000000e+01
GRID*                890                 1.200000000e+02 1.346410162e+02*       
*        3.000000000e+01
GRID*                891                 1.212500000e+02 1.368060797e+02*       
*        3.000000000e+01
GRID*                892                 1.143506287e+02 1.346454825e+02*       
*        3.000000000e+01
GRID*                893                 1.153073373e+02 1.369551813e+02*       
*        3.000000000e+01
GRID*                894                 1.162640459e+02 1.392648801e+02*       
*        3.000000000e+01
GRID*                895                 1.097057142e+02 1.362222185e+02*       
*        3.000000000e+01
GRID*                896                 1.103527618e+02 1.386370331e+02*       
*        3.000000000e+01
GRID*                897                 1.109998094e+02 1.410518476e+02*       
*        3.000000000e+01
GRID*                898                 1.048947322e+02 1.371791823e+02*       
*        3.000000000e+01
GRID*                899                 1.052210477e+02 1.396577945e+02*       
*        3.000000000e+01
GRID*                900                 1.055473632e+02 1.421364066e+02*       
*        3.000000000e+01
GRID*                901                 1.000000000e+02 1.375000000e+02*       
*        3.000000000e+01
GRID*                902                 1.000000000e+02 1.400000000e+02*       
*        3.000000000e+01
GRID*                903                 1.000000000e+02 1.425000000e+02*       
*        3.000000000e+01
GRID*                904                 9.510526779e+01 1.371791823e+02*       
*        3.000000000e+01
GRID*                905                 9.477895231e+01 1.396577945e+02*       
*        3.000000000e+01
GRID*                906                 9.445263683e+01 1.421364066e+02*       
*        3.000000000e+01
GRID*                907                 9.029428581e+01 1.362222185e+02*       
*        3.000000000e+01
GRID*                908                 8.964723820e+01 1.386370331e+02*       
*        3.000000000e+01
GRID*                909                 8.900019058e+01 1.410518476e+02*       
*        3.000000000e+01
GRID*                910                 8.564937129e+01 1.346454825e+02*       
*        3.000000000e+01
GRID*                911                 8.469266271e+01 1.369551813e+02*       
*        3.000000000e+01
GRID*                912                 8.373595412e+01 1.392648801e+02*       
*        3.000000000e+01
GRID*                913                 8.125000000e+01 1.324759526e+02*       
*        3.000000000e+01
GRID*                914                 8.000000000e+01 1.346410162e+02*       
*        3.000000000e+01
GRID*                915                 7.875000000e+01 1.368060797e+02*       
*        3.000000000e+01
GRID*                916                 7.717144641e+01 1.297507503e+02*       
*        3.000000000e+01
GRID*                917                 7.564954284e+01 1.317341336e+02*       
*        3.000000000e+01
GRID*                918                 7.412763927e+01 1.337175170e+02*       
*        3.000000000e+01
GRID*                919                 7.348349571e+01 1.265165043e+02*       
*        3.000000000e+01
GRID*                920                 7.171572875e+01 1.282842712e+02*       
*        3.000000000e+01
GRID*                921                 6.994796180e+01 1.300520382e+02*       
*        3.000000000e+01
GRID*                922                 7.024924974e+01 1.228285536e+02*       
*        3.000000000e+01
GRID*                923                 6.826586639e+01 1.243504572e+02*       
*        3.000000000e+01
GRID*                924                 6.628248304e+01 1.258723607e+02*       
*        3.000000000e+01
GRID*                925                 6.752404736e+01 1.187500000e+02*       
*        3.000000000e+01
GRID*                926                 6.535898385e+01 1.200000000e+02*       
*        3.000000000e+01
GRID*                927                 6.319392034e+01 1.212500000e+02*       
*        3.000000000e+01
GRID*                928                 6.535451753e+01 1.143506287e+02*       
*        3.000000000e+01
GRID*                929                 6.304481870e+01 1.153073373e+02*       
*        3.000000000e+01
GRID*                930                 6.073511987e+01 1.162640459e+02*       
*        3.000000000e+01
GRID*                931                 6.377778151e+01 1.097057142e+02*       
*        3.000000000e+01
GRID*                932                 6.136296695e+01 1.103527618e+02*       
*        3.000000000e+01
GRID*                933                 5.894815238e+01 1.109998094e+02*       
*        3.000000000e+01
GRID*                934                 6.282081770e+01 1.048947322e+02*       
*        3.000000000e+01
GRID*                935                 6.034220555e+01 1.052210477e+02*       
*        3.000000000e+01
GRID*                936                 5.786359339e+01 1.055473632e+02*       
*        3.000000000e+01
GRID*                937                 6.250000000e+01 1.000000000e+02*       
*        3.000000000e+01
GRID*                938                 6.000000000e+01 1.000000000e+02*       
*        3.000000000e+01
GRID*                939                 5.750000000e+01 1.000000000e+02*       
*        3.000000000e+01
GRID*                940                 6.282081770e+01 9.510526779e+01*       
*        3.000000000e+01
GRID*                941                 6.034220555e+01 9.477895231e+01*       
*        3.000000000e+01
GRID*                942                 5.786359339e+01 9.445263683e+01*       
*        3.000000000e+01
GRID*                943                 6.377778151e+01 9.029428581e+01*       
*        3.000000000e+01
GRID*                944                 6.136296695e+01 8.964723820e+01*       
*        3.000000000e+01
GRID*                945                 5.894815238e+01 8.900019058e+01*       
*        3.000000000e+01
GRID*                946                 6.535451753e+01 8.564937129e+01*       
*        3.000000000e+01
GRID*                947                 6.304481870e+01 8.469266271e+01*       
*        3.000000000e+01
GRID*                948                 6.073511987e+01 8.373595412e+01*       
*        3.000000000e+01
GRID*                949                 6.752404736e+01 8.125000000e+01*       
*        3.000000000e+01
GRID*                950                 6.535898385e+01 8.000000000e+01*       
*        3.000000000e+01
GRID*                951                 6.319392034e+01 7.875000000e+01*       
*        3.000000000e+01
GRID*                952                 7.024924974e+01 7.717144641e+01*       
*        3.000000000e+01
GRID*                953                 6.826586639e+01 7.564954284e+01*       
*        3.000000000e+01
GRID*                954                 6.628248304e+01 7.412763927e+01*       
*        3.000000000e+01
GRID*                955                 7.348349571e+01 7.348349571e+01*       
*        3.000000000e+01
GRID*                956                 7.171572875e+01 7.171572875e+01*       
*        3.000000000e+01
GRID*                957                 6.994796180e+01 6.994796180e+01*       
*        3.000000000e+01
GRID*                958                 7.717144641e+01 7.024924974e+01*       
*        3.000000000e+01
GRID*                959                 7.564954284e+01 6.826586639e+01*       
*        3.000000000e+01
GRID*                960                 7.412763927e+01 6.628248304e+01*       
*        3.000000000e+01
GRID*                961                 8.125000000e+01 6.752404736e+01*       
*        3.000000000e+01
GRID*                962                 8.000000000e+01 6.535898385e+01*       
*        3.000000000e+01
GRID*                963                 7.875000000e+01 6.319392034e+01*       
*        3.000000000e+01
GRID*                964                 8.564937129e+01 6.535451753e+01*       
*        3.000000000e+01
GRID*                965                 8.469266271e+01 6.304481870e+01*       
*        3.000000000e+01
GRID*                966                 8.373595412e+01 6.073511987e+01*       
*        3.000000000e+01
GRID*                967                 9.029428581e+01 6.377778151e+01*       
*        3.000000000e+01
GRID*                968                 8.964723820e+01 6.136296695e+01*       
*        3.000000000e+01
GRID*                969                 8.900019058e+01 5.894815238e+01*       
*        3.000000000e+01
GRID*                970                 9.510526779e+01 6.282081770e+01*       
*        3.000000000e+01
GRID*                971                 9.477895231e+01 6.034220555e+01*       
*        3.000000000e+01
GRID*                972                 9.445263683e+01 5.786359339e+01*       
*        3.000000000e+01
GRID*                973                 1.000000000e+02 6.250000000e+01*       
*        3.000000000e+01
GRID*                974                 1.000000000e+02 6.000000000e+01*       
*        3.000000000e+01
GRID*                975                 1.000000000e+02 5.750000000e+01*       
*        3.000000000e+01
GRID*                976                 1.048947322e+02 6.282081770e+01*       
*        3.000000000e+01
GRID*                977                 1.052210477e+02 6.034220555e+01*       
*        3.000000000e+01
GRID*                978                 1.055473632e+02 5.786359339e+01*       
*        3.000000000e+01
GRID*                979                 1.097057142e+02 6.377778151e+01*       
*        3.000000000e+01
GRID*                980                 1.103527618e+02 6.136296695e+01*       
*        3.000000000e+01
GRID*                981                 1.109998094e+02 5.894815238e+01*       
*        3.000000000e+01
GRID*                982                 1.143506287e+02 6.535451753e+01*       
*        3.000000000e+01
GRID*                983                 1.153073373e+02 6.304481870e+01*       
*        3.000000000e+01
GRID*                984                 1.162640459e+02 6.073511987e+01*       
*        3.000000000e+01
GRID*                985                 1.187500000e+02 6.752404736e+01*       
*        3.000000000e+01
GRID*                986                 1.200000000e+02 6.535898385e+01*       
*        3.000000000e+01
GRID*                987                 1.212500000e+02 6.319392034e+01*       
*        3.000000000e+01
GRID*                988                 1.228285536e+02 7.024924974e+01*       
*        3.000000000e+01
GRID*                989                 1.243504572e+02 6.826586639e+01*       
*        3.000000000e+01
GRID*                990                 1.258723607e+02 6.628248304e+01*       
*        3.000000000e+01
GRID*                991                 1.265165043e+02 7.348349571e+01*       
*        3.000000000e+01
GRID*                992                 1.282842712e+02 7.171572875e+01*       
*        3.000000000e+01
GRID*                993                 1.300520382e+02 6.994796180e+01*       
*        3.000000000e+01
GRID*                994                 1.297507503e+02 7.717144641e+01*       
*        3.000000000e+01
GRID*                995                 1.317341336e+02 7.564954284e+01*       
*        3.000000000e+01
GRID*                996                 1.337175170e+02 7.412763927e+01*       
*        3.000000000e+01
GRID*                997                 1.324759526e+02 8.125000000e+01*       
*        3.000000000e+01
GRID*                998                 1.346410162e+02 8.000000000e+01*       
*        3.000000000e+01
GRID*                999                 1.368060797e+02 7.875000000e+01*       
*        3.000000000e+01
GRID*               1000                 1.346454825e+02 8.564937129e+01*       
*        3.000000000e+01
GRID*               1001                 1.369551813e+02 8.469266271e+01*       
*        3.000000000e+01
GRID*               1002                 1.392648801e+02 8.373595412e+01*       
*        3.000000000e+01
GRID*               1003                 1.362222185e+02 9.029428581e+01*       
*        3.000000000e+01
GRID*               1004                 1.386370331e+02 8.964723820e+01*       
*        3.000000000e+01
GRID*               1005                 1.410518476e+02 8.900019058e+01*       
*        3.000000000e+01
GRID*               1006                 1.371791823e+02 9.510526779e+01*       
*        3.000000000e+01
GRID*               1007                 1.396577945e+02 9.477895231e+01*       
*        3.000000000e+01
GRID*               1008                 1.421364066e+02 9.445263683e+01*       
*        3.000000000e+01
GRID*               1009                 1.375000000e+02 1.000000000e+02*       
*        3.500000000e+01
GRID*               1010                 1.400000000e+02 1.000000000e+02*       
*        3.500000000e+01
GRID*               1011                 1.425000000e+02 1.000000000e+02*       
*        3.500000000e+01
GRID*               1012                 1.371791823e+02 1.048947322e+02*       
*        3.500000000e+01
GRID*               1013                 1.396577945e+02 1.052210477e+02*       
*        3.500000000e+01
GRID*               1014                 1.421364066e+02 1.055473632e+02*       
*        3.500000000e+01
GRID*               1015                 1.362222185e+02 1.097057142e+02*       
*        3.500000000e+01
GRID*               1016                 1.386370331e+02 1.103527618e+02*       
*        3.500000000e+01
GRID*               1017                 1.410518476e+02 1.109998094e+02*       
*        3.500000000e+01
GRID*               1018                 1.346454825e+02 1.143506287e+02*       
*        3.500000000e+01
GRID*               1019                 1.369551813e+02 1.153073373e+02*       
*        3.500000000e+01
GRID*               1020                 1.392648801e+02 1.162640459e+02*       
*        3.500000000e+01
GRID*               1021                 1.324759526e+02 1.187500000e+02*       
*        3.500000000e+01
GRID*               1022                 1.346410162e+02 1.200000000e+02*       
*        3.500000000e+01
GRID*               1023                 1.368060797e+02 1.212500000e+02*       
*        3.500000000e+01
GRID*               1024                 1.297507503e+02 1.228285536e+02*       
*        3.500000000e+01
GRID*               1025                 1.317341336e+02 1.243504572e+02*       
*        3.500000000e+01
GRID*               1026                 1.337175170e+02 1.258723607e+02*       
*        3.500000000e+01
GRID*               1027                 1.265165043e+02 1.265165043e+02*       
*        3.500000000e+01
GRID*               1028                 1.282842712e+02 1.282842712e+02*       
*        3.500000000e+01
GRID*               1029                 1.300520382e+02 1.300520382e+02*       
*        3.500000000e+01
GRID*               1030                 1.228285536e+02 1.297507503e+02*       
*        3.500000000e+01
GRID*               1031                 1.243504572e+02 1.317341336e+02*       
*        3.500000000e+01
GRID*               1032                 1.258723607e+02 1.337175170e+02*       
*        3.500000000e+01
GRID*               1033                 1.187500000e+02 1.324759526e+02*       
*        3.500000000e+01
GRID*               1034                 1.200000000e+02 1.346410162e+02*       
*        3.500000000e+01
GRID*               1035                 1.212500000e+02 1.368060797e+02*       
*        3.500000000e+01
GRID*               1036                 1.143506287e+02 1.346454825e+02*       
*        3.500000000e+01
GRID*               1037                 1.153073373e+02 1.369551813e+02*       
*        3.500000000e+01
GRID*               1038                 1.162640459e+02 1.392648801e+02*       
*        3.500000000e+01
GRID*               1039                 1.097057142e+02 1.362222185e+02*       
*        3.500000000e+01
GRID*               1040                 1.103527618e+02 1.386370331e+02*       
*        3.500000000e+01
GRID*               1041                 1.109998094e+02 1.410518476e+02*       
*        3.500000000e+01
GRID*               1042                 1.048947322e+02 1.371791823e+02*       
*        3.500000000e+01
GRID*               1043                 1.052210477e+02 1.396577945e+02*       
*        3.500000000e+01
GRID*               1044                 1.055473632e+02 1.421364066e+02*       
*        3.500000000e+01
GRID*               1045                 1.000000000e+02 1.375000000e+02*       
*        3.500000000e+01
GRID*               1046                 1.000000000e+02 1.400000000e+02*       
*        3.500000000e+01
GRID*               1047                 1.000000000e+02 1.425000000e+02*       
*        3.500000000e+01
GRID*               1048                 9.510526779e+01 1.371791823e+02*       
*        3.500000000e+01
GRID*               1049                 9.477895231e+01 1.396577945e+02*       
*        3.500000000e+01
GRID*               1050                 9.445263683e+01 1.421364066e+02*       
*        3.500000000e+01
GRID*               1051                 9.029428581e+01 1.362222185e+02*       
*        3.500000000e+01
GRID*               1052                 8.964723820e+01 1.386370331e+02*       
*        3.500000000e+01
GRID*               1053                 8.900019058e+01 1.410518476e+02*       
*        3.500000000e+01
GRID*               1054                 8.564937129e+01 1.346454825e+02*       
*        3.500000000e+01
GRID*               1055                 8.469266271e+01 1.369551813e+02*       
*        3.500000000e+01
GRID*               1056                 8.373595412e+01 1.392648801e+02*       
*        3.500000000e+01
GRID*               1057                 8.125000000e+01 1.324759526e+02*       
*        3.500000000e+01
GRID*               1058                 8.000000000e+01 1.346410162e+02*       
*        3.500000000e+01
GRID*               1059                 7.875000000e+01 1.368060797e+02*       
*        3.500000000e+01
GRID*               1060                 7.717144641e+01 1.297507503e+02*       
*        3.500000000e+01
GRID*               1061                 7.564954284e+01 1.317341336e+02*       
*        3.500000000e+01
GRID*               1062                 7.412763927e+01 1.337175170e+02*       
*        3.500000000e+01
GRID*               1063                 7.348349571e+01 1.265165043e+02*       
*        3.500000000e+01
GRID*               1064                 7.171572875e+01 1.282842712e+02*       
*        3.500000000e+01
GRID*               1065                 6.994796180e+01 1.300520382e+02*       
*        3.500000000e+01
GRID*               1066                 7.024924974e+01 1.228285536e+02*       
*        3.500000000e+01
GRID*               1067                 6.826586639e+01 1.243504572e+02*       
*        3.500000000e+01
GRID*               1068                 6.628248304e+01 1.258723607e+02*       
*        3.500000000e+01
GRID*               1069                 6.752404736e+01 1.187500000e+02*       
*        3.500000000e+01
GRID*               1070                 6.535898385e+01 1.200000000e+02*       
*        3.500000000e+01
GRID*               1071                 6.319392034e+01 1.212500000e+02*       
*        3.500000000e+01
GRID*               1072                 6.535451753e+01 1.143506287e+02*       
*        3.500000000e+01
GRID*               1073                 6.304481870e+01 1.153073373e+02*       
*        3.500000000e+01
GRID*               1074                 6.073511987e+01 1.162640459e+02*       
*        3.500000000e+01
GRID*               1075                 6.377778151e+01 1.097057142e+02*       
*        3.500000000e+01
GRID*               1076                 6.136296695e+01 1.103527618e+02*       
*        3.500000000e+01
GRID*               1077                 5.894815238e+01 1.109998094e+02*       
*        3.500000000e+01
GRID*               1078                 6.282081770e+01 1.048947322e+02*       
*        3.500000000e+01
GRID*               1079                 6.034220555e+01 1.052210477e+02*       
*        3.500000000e+01
GRID*               1080                 5.786359339e+01 1.055473632e+02*       
*        3.500000000e+01
GRID*               1081                 6.250000000e+01 1.000000000e+02*       
*        3.500000000e+01
GRID*               1082                 6.000000000e+01 1.000000000e+02*       
*        3.500000000e+01
GRID*               1083                 5.750000000e+01 1.000000000e+02*       
*        3.500000000e+01
GRID*               1084                 6.282081770e+01 9.510526779e+01*       
*        3.500000000e+01
GRID*               1085                 6.034220555e+01 9.477895231e+01*       
*        3.500000000e+01
GRID*               1086                 5.786359339e+01 9.445263683e+01*       
*        3.500000000e+01
GRID*               1087                 6.377778151e+01 9.029428581e+01*       
*        3.500000000e+01
GRID*               1088                 6.136296695e+01 8.964723820e+01*       
*        3.500000000e+01
GRID*               1089                 5.894815238e+01 8.900019058e+01*       
*        3.500000000e+01
GRID*               1090                 6.535451753e+01 8.564937129e+01*       
*        3.500000000e+01
GRID*               1091                 6.304481870e+01 8.469266271e+01*       
*        3.500000000e+01
GRID*               1092                 6.073511987e+01 8.373595412e+01*       
*        3.500000000e+01
GRID*               1093                 6.752404736e+01 8.125000000e+01*       
*        3.500000000e+01
GRID*               1094                 6.535898385e+01 8.000000000e+01*       
*        3.500000000e+01
GRID*               1095                 6.319392034e+01 7.875000000e+01*       
*        3.500000000e+01
GRID*               1096                 7.024924974e+01 7.717144641e+01*       
*        3.500000000e+01
GRID*               1097                 6.826586639e+01 7.564954284e+01*       
*        3.500000000e+01
GRID*               1098                 6.628248304e+01 7.412763927e+01*       
*        3.500000000e+01
GRID*               1099                 7.348349571e+01 7.348349571e+01*       
*        3.500000000e+01
GRID*               1100                 7.171572875e+01 7.171572875e+01*       
*        3.500000000e+01
GRID*               1101                 6.994796180e+01 6.994796180e+01*       
*        3.500000000e+01
GRID*               1102                 7.717144641e+01 7.024924974e+01*       
*        3.500000000e+01
GRID*               1103                 7.564954284e+01 6.826586639e+01*       
*        3.500000000e+01
GRID*               1104                 7.412763927e+01 6.628248304e+01*       
*        3.500000000e+01
GRID*               1105                 8.125000000e+01 6.752404736e+01*       
*        3.500000000e+01
GRID*               1106                 8.000000000e+01 6.535898385e+01*       
*        3.500000000e+01
GRID*               1107                 7.875000000e+01 6.319392034e+01*       
*        3.500000000e+01
GRID*               1108                 8.564937129e+01 6.535451753e+01*       
*        3.500000000e+01
GRID*               1109                 8.469266271e+01 6.304481870e+01*       
*        3.500000000e+01
GRID*               1110                 8.373595412e+01 6.073511987e+01*       
*        3.500000000e+01
GRID*               1111                 9.029428581e+01 6.377778151e+01*       
*        3.500000000e+01
GRID*               1112                 8.964723820e+01 6.136296695e+01*       
*        3.500000000e+01
GRID*               1113                 8.900019058e+01 5.894815238e+01*       
*        3.500000000e+01
GRID*               1114                 9.510526779e+01 6.282081770e+01*       
*        3.500000000e+01
GRID*               1115                 9.477895231e+01 6.034220555e+01*       
*        3.500000000e+01
GRID*               1116                 9.445263683e+01 5.786359339e+01*       
*        3.500000000e+01
GRID*               1117                 1.000000000e+02 6.250000000e+01*       
*        3.500000000e+01
GRID*               1118                 1.000000000e+02 6.000000000e+01*       
*        3.500000000e+01
GRID*               1119                 1.000000000e+02 5.750000000e+01*       
*        3.500000000e+01
GRID*               1120                 1.048947322e+02 6.282081770e+01*       
*        3.500000000e+01
GRID*               1121                 1.052210477e+02 6.034220555e+01*       
*        3.500000000e+01
GRID*               1122                 1.055473632e+02 5.786359339e+01*       
*        3.500000000e+01
GRID*               1123                 1.097057142e+02 6.377778151e+01*       
*        3.500000000e+01
GRID*               1124                 1.103527618e+02 6.136296695e+01*       
*        3.500000000e+01
GRID*               1125                 1.109998094e+02 5.894815238e+01*       
*        3.500000000e+01
GRID*               1126                 1.143506287e+02 6.535451753e+01*       
*        3.500000000e+01
GRID*               1127                 1.153073373e+02 6.304481870e+01*       
*        3.500000000e+01
GRID*               1128                 1.162640459e+02 6.073511987e+01*       
*        3.500000000e+01
GRID*               1129                 1.187500000e+02 6.752404736e+01*       
*        3.500000000e+01
GRID*               1130                 1.200000000e+02 6.535898385e+01*       
*        3.500000000e+01
GRID*               1131                 1.212500000e+02 6.319392034e+01*       
*        3.500000000e+01
GRID*               1132                 1.228285536e+02 7.024924974e+01*       
*        3.500000000e+01
GRID*               1133                 1.243504572e+02 6.826586639e+01*       
*        3.500000000e+01
GRID*               1134                 1.258723607e+02 6.628248304e+01*       
*        3.500000000e+01
GRID*               1135                 1.265165043e+02 7.348349571e+01*       
*        3.500000000e+01
GRID*               1136                 1.282842712e+02 7.171572875e+01*       
*        3.500000000e+01
GRID*               1137                 1.300520382e+02 6.994796180e+01*       
*        3.500000000e+01
GRID*               1138                 1.297507503e+02 7.717144641e+01*       
*        3.500000000e+01
GRID*               1139                 1.317341336e+02 7.564954284e+01*       
*        3.500000000e+01
GRID*               1140                 1.337175170e+02 7.412763927e+01*       
*        3.500000000e+01
GRID*               1141                 1.324759526e+02 8.125000000e+01*       
*        3.500000000e+01
GRID*               1142                 1.346410162e+02 8.000000000e+01*       
*        3.500000000e+01
GRID*               1143                 1.368060797e+02 7.875000000e+01*       
*        3.500000000e+01
GRID*               1144                 1.346454825e+02 8.564937129e+01*       
*        3.500000000e+01
GRID*               1145                 1.369551813e+02 8.469266271e+01*       
*        3.500000000e+01
GRID*               1146                 1.392648801e+02 8.373595412e+01*       
*        3.500000000e+01
GRID*               1147                 1.362222185e+02 9.029428581e+01*       
*        3.500000000e+01
GRID*               1148                 1.386370331e+02 8.964723820e+01*       
*        3.500000000e+01
GRID*               1149                 1.410518476e+02 8.900019058e+01*       
*        3.500000000e+01
GRID*               1150                 1.371791823e+02 9.510526779e+01*       
*        3.500000000e+01
GRID*               1151                 1.396577945e+02 9.477895231e+01*       
*        3.500000000e+01
GRID*               1152                 1.421364066e+02 9.445263683e+01*       
*        3.500000000e+01
GRID*               1153                 1.375000000e+02 1.000000000e+02*       
*        4.000000000e+01
GRID*               1154                 1.400000000e+02 1.000000000e+02*       
*        4.000000000e+01
GRID*               1155                 1.425000000e+02 1.000000000e+02*       
*        4.000000000e+01
GRID*               1156                 1.371791823e+02 1.048947322e+02*       
*        4.000000000e+01
GRID*               1157                 1.396577945e+02 1.052210477e+02*       
*        4.000000000e+01
GRID*               1158                 1.421364066e+02 1.055473632e+02*       
*        4.000000000e+01
GRID*               1159                 1.362222185e+02 1.097057142e+02*       
*        4.000000000e+01
GRID*               1160                 1.386370331e+02 1.103527618e+02*       
*        4.000000000e+01
GRID*               1161                 1.410518476e+02 1.109998094e+02*       
*        4.000000000e+01
GRID*               1162                 1.346454825e+02 1.143506287e+02*       
*        4.000000000e+01
GRID*               1163                 1.369551813e+02 1.153073373e+02*       
*        4.000000000e+01
GRID*               1164                 1.392648801e+02 1.162640459e+02*       
*        4.000000000e+01
GRID*               1165                 1.324759526e+02 1.187500000e+02*       
*        4.000000000e+01
GRID*               1166                 1.346410162e+02 1.200000000e+02*       
*        4.000000000e+01
GRID*               1167                 1.368060797e+02 1.212500000e+02*       
*        4.000000000e+01
GRID*               1168                 1.297507503e+02 1.228285536e+02*       
*        4.000000000e+01
GRID*               1169                 1.317341336e+02 1.243504572e+02*       
*        4.000000000e+01
GRID*               1170                 1.337175170e+02 1.258723607e+02*       
*        4.000000000e+01
GRID*               1171                 1.265165043e+02 1.265165043e+02*       
*        4.000000000e+01
GRID*               1172                 1.282842712e+02 1.282842712e+02*       
*        4.000000000e+01
GRID*               1173                 1.300520382e+02 1.300520382e+02*       
*        4.000000000e+01
GRID*               1174                 1.228285536e+02 1.297507503e+02*       
*        4.000000000e+01
GRID*               1175                 1.243504572e+02 1.317341336e+02*       
*        4.000000000e+01
GRID*               1176                 1.258723607e+02 1.337175170e+02*       
*        4.000000000e+01
GRID*               1177                 1.187500000e+02 1.324759526e+02*       
*        4.000000000e+01
GRID*               1178                 1.200000000e+02 1.346410162e+02*       
*        4.000000000e+01
GRID*               1179                 1.212500000e+02 1.368060797e+02*       
*        4.000000000e+01
GRID*               1180                 1.143506287e+02 1.346454825e+02*       
*        4.000000000e+01
GRID*               1181                 1.153073373e+02 1.369551813e+02*       
*        4.000000000e+01
GRID*               1182                 1.162640459e+02 1.392648801e+02*       
*        4.000000000e+01
GRID*               1183                 1.097057142e+02 1.362222185e+02*       
*        4.000000000e+01
GRID*               1184                 1.103527618e+02 1.386370331e+02*       
*        4.000000000e+01
GRID*               1185                 1.109998094e+02 1.410518476e+02*       
*        4.000000000e+01
GRID*               1186                 1.048947322e+02 1.371791823e+02*       
*        4.000000000e+01
GRID*               1187                 1.052210477e+02 1.396577945e+02*       
*        4.000000000e+01
GRID*               1188                 1.055473632e+02 1.421364066e+02*       
*        4.000000000e+01
GRID*               1189                 1.000000000e+02 1.375000000e+02*       
*        4.000000000e+01
GRID*               1190                 1.000000000e+02 1.400000000e+02*       
*        4.000000000e+01
GRID*               1191                 1.000000000e+02 1.425000000e+02*       
*        4.000000000e+01
GRID*               1192                 9.510526779e+01 1.371791823e+02*       
*        4.000000000e+01
GRID*               1193                 9.477895231e+01 1.396577945e+02*       
*        4.000000000e+01
GRID*               1194                 9.445263683e+01 1.421364066e+02*       
*        4.000000000e+01
GRID*               1195                 9.029428581e+01 1.362222185e+02*       
*        4.000000000e+01
GRID*               1196                 8.964723820e+01 1.386370331e+02*       
*        4.000000000e+01
GRID*               1197                 8.900019058e+01 1.410518476e+02*       
*        4.000000000e+01
GRID*               1198                 8.564937129e+01 1.346454825e+02*       
*        4.000000000e+01
GRID*               1199                 8.469266271e+01 1.369551813e+02*       
*        4.000000000e+01
GRID*               1200                 8.373595412e+01 1.392648801e+02*       
*        4.000000000e+01
GRID*               1201                 8.125000000e+01 1.324759526e+02*       
*        4.000000000e+01
GRID*               1202                 8.000000000e+01 1.346410162e+02*       
*        4.000000000e+01
GRID*               1203                 7.875000000e+01 1.368060797e+02*       
*        4.000000000e+01
GRID*               1204                 7.717144641e+01 1.297507503e+02*       
*        4.000000000e+01
GRID*               1205                 7.564954284e+01 1.317341336e+02*       
*        4.000000000e+01
GRID*               1206                 7.412763927e+01 1.337175170e+02*       
*        4.000000000e+01
GRID*               1207                 7.348349571e+01 1.265165043e+02*       
*        4.000000000e+01
GRID*               1208                 7.171572875e+01 1.282842712e+02*       
*        4.000000000e+01
GRID*               1209                 6.994796180e+01 1.300520382e+02*       
*        4.000000000e+01
GRID*               1210                 7.024924974e+01 1.228285536e+02*       
*        4.000000000e+01
GRID*               1211                 6.826586639e+01 1.243504572e+02*       
*        4.000000000e+01
GRID*               1212                 6.628248304e+01 1.258723607e+02*       
*        4.000000000e+01
GRID*               1213                 6.752404736e+01 1.187500000e+02*       
*        4.000000000e+01
GRID*               1214                 6.535898385e+01 1.200000000e+02*       
*        4.000000000e+01
GRID*               1215                 6.319392034e+01 1.212500000e+02*       
*        4.000000000e+01
GRID*               1216                 6.535451753e+01 1.143506287e+02*       
*        4.000000000e+01
GRID*               1217                 6.304481870e+01 1.153073373e+02*       
*        4.000000000e+01
GRID*               1218                 6.073511987e+01 1.162640459e+02*       
*        4.000000000e+01
GRID*               1219                 6.377778151e+01 1.097057142e+02*       
*        4.000000000e+01
GRID*               1220                 6.136296695e+01 1.103527618e+02*       
*        4.000000000e+01
GRID*               1221                 5.894815238e+01 1.109998094e+02*       
*        4.000000000e+01
GRID*               1222                 6.282081770e+01 1.048947322e+02*       
*        4.000000000e+01
GRID*               1223                 6.034220555e+01 1.052210477e+02*       
*        4.000000000e+01
GRID*               1224                 5.786359339e+01 1.055473632e+02*       
*        4.000000000e+01
GRID*               1225                 6.250000000e+01 1.000000000e+02*       
*        4.000000000e+01
GRID*               1226                 6.000000000e+01 1.000000000e+02*       
*        4.000000000e+01
GRID*               1227                 5.750000000e+01 1.000000000e+02*       
*        4.000000000e+01
GRID*               1228                 6.282081770e+01 9.510526779e+01*       
*        4.000000000e+01
GRID*               1229                 6.034220555e+01 9.477895231e+01*       
*        4.000000000e+01
GRID*               1230                 5.786359339e+01 9.445263683e+01*       
*        4.000000000e+01
GRID*               1231                 6.377778151e+01 9.029428581e+01*       
*        4.000000000e+01
GRID*               1232                 6.136296695e+01 8.964723820e+01*       
*        4.000000000e+01
GRID*               1233                 5.894815238e+01 8.900019058e+01*       
*        4.000000000e+01
GRID*               1234                 6.535451753e+01 8.564937129e+01*       
*        4.000000000e+01
GRID*               1235                 6.304481870e+01 8.469266271e+01*       
*        4.000000000e+01
GRID*               1236                 6.073511987e+01 8.373595412e+01*       
*        4.000000000e+01
GRID*               1237                 6.752404736e+01 8.125000000e+01*       
*        4.000000000e+01
GRID*               1238                 6.535898385e+01 8.000000000e+01*       
*        4.000000000e+01
GRID*               1239                 6.319392034e+01 7.875000000e+01*       
*        4.000000000e+01
GRID*               1240                 7.024924974e+01 7.717144641e+01*       
*        4.000000000e+01
GRID*               1241                 6.826586639e+01 7.564954284e+01*       
*        4.000000000e+01
GRID*               1242                 6.628248304e+01 7.412763927e+01*       
*        4.000000000e+01
GRID*               1243                 7.348349571e+01 7.348349571e+01*       
*        4.000000000e+01
GRID*               1244                 7.171572875e+01 7.171572875e+01*       
*        4.000000000e+01
GRID*               1245                 6.994796180e+01 6.994796180e+01*       
*        4.000000000e+01
GRID*               1246                 7.717144641e+01 7.024924974e+01*       
*        4.000000000e+01
GRID*               1247                 7.564954284e+01 6.826586639e+01*       
*        4.000000000e+01
GRID*               1248                 7.412763927e+01 6.628248304e+01*       
*        4.000000000e+01
GRID*               1249                 8.125000000e+01 6.752404736e+01*       
*        4.000000000e+01
GRID*               1250                 8.000000000e+01 6.535898385e+01*       
*        4.000000000e+01
GRID*               1251                 7.875000000e+01 6.319392034e+01*       
*        4.000000000e+01
GRID*               1252                 8.564937129e+01 6.535451753e+01*       
*        4.000000000e+01
GRID*               1253                 8.469266271e+01 6.304481870e+01*       
*        4.000000000e+01
GRID*               1254                 8.373595412e+01 6.073511987e+01*       
*        4.000000000e+01
GRID*               1255                 9.029428581e+01 6.377778151e+01*       
*        4.000000000e+01
GRID*               1256                 8.964723820e+01 6.136296695e+01*       
*        4.000000000e+01
GRID*               1257                 8.900019058e+01 5.894815238e+01*       
*        4.000000000e+01
GRID*               1258                 9.510526779e+01 6.282081770e+01*       
*        4.000000000e+01
GRID*               1259                 9.477895231e+01 6.034220555e+01*       
*        4.000000000e+01
GRID*               1260                 9.445263683e+01 5.786359339e+01*       
*        4.000000000e+01
GRID*               1261                 1.000000000e+02 6.250000000e+01*       
*        4.000000000e+01
GRID*               1262                 1.000000000e+02 6.000000000e+01*       
*        4.000000000e+01
GRID*               1263                 1.000000000e+02 5.750000000e+01*       
*        4.000000000e+01
GRID*               1264                 1.048947322e+02 6.282081770e+01*       
*        4.000000000e+01
GRID*               1265                 1.052210477e+02 6.034220555e+01*       
*        4.000000000e+01
GRID*               1266                 1.055473632e+02 5.786359339e+01*       
*        4.000000000e+01
GRID*               1267                 1.097057142e+02 6.377778151e+01*       
*        4.000000000e+01
GRID*               1268                 1.103527618e+02 6.136296695e+01*       
*        4.000000000e+01
GRID*               1269                 1.109998094e+02 5.894815238e+01*       
*        4.000000000e+01
GRID*               1270                 1.143506287e+02 6.535451753e+01*       
*        4.000000000e+01
GRID*               1271                 1.153073373e+02 6.304481870e+01*       
*        4.000000000e+01
GRID*               1272                 1.162640459e+02 6.073511987e+01*       
*        4.000000000e+01
GRID*               1273                 1.187500000e+02 6.752404736e+01*       
*        4.000000000e+01
GRID*               1274                 1.200000000e+02 6.535898385e+01*       
*        4.000000000e+01
GRID*               1275                 1.212500000e+02 6.319392034e+01*       
*        4.000000000e+01
GRID*               1276                 1.228285536e+02 7.024924974e+01*       
*        4.000000000e+01
GRID*               1277                 1.243504572e+02 6.826586639e+01*       
*        4.000000000e+01
GRID*               1278                 1.258723607e+02 6.628248304e+01*       
*        4.000000000e+01
GRID*               1279                 1.265165043e+02 7.348349571e+01*       
*        4.000000000e+01
GRID*               1280                 1.282842712e+02 7.171572875e+01*       
*        4.000000000e+01
GRID*               1281                 1.300520382e+02 6.994796180e+01*       
*        4.000000000e+01
GRID*               1282                 1.297507503e+02 7.717144641e+01*       
*        4.000000000e+01
GRID*               1283                 1.317341336e+02 7.564954284e+01*       
*        4.000000000e+01
GRID*               1284                 1.337175170e+02 7.412763927e+01*       
*        4.000000000e+01
GRID*               1285                 1.324759526e+02 8.125000000e+01*       
*        4.000000000e+01
GRID*               1286                 1.346410162e+02 8.000000000e+01*       
*        4.000000000e+01
GRID*               1287                 1.368060797e+02 7.875000000e+01*       
*        4.000000000e+01
GRID*               1288                 1.346454825e+02 8.564937129e+01*       
*        4.000000000e+01
GRID*               1289                 1.369551813e+02 8.469266271e+01*       
*        4.000000000e+01
GRID*               1290                 1.392648801e+02 8.373595412e+01*       
*        4.000000000e+01
GRID*               1291                 1.362222185e+02 9.029428581e+01*       
*        4.000000000e+01
GRID*               1292                 1.386370331e+02 8.964723820e+01*       
*        4.000000000e+01
GRID*               1293                 1.410518476e+02 8.900019058e+01*       
*        4.000000000e+01
GRID*               1294                 1.371791823e+02 9.510526779e+01*       
*        4.000000000e+01
GRID*               1295                 1.396577945e+02 9.477895231e+01*       
*        4.000000000e+01
GRID*               1296                 1.421364066e+02 9.445263683e+01*       
*        4.000000000e+01
GRID*               1297                 1.375000000e+02 1.000000000e+02*       
*        4.500000000e+01
GRID*               1298                 1.400000000e+02 1.000000000e+02*       
*        4.500000000e+01
GRID*               1299                 1.425000000e+02 1.000000000e+02*       
*        4.500000000e+01
GRID*               1300                 1.371791823e+02 1.048947322e+02*       
*        4.500000000e+01
GRID*               1301                 1.396577945e+02 1.052210477e+02*       
*        4.500000000e+01
GRID*               1302                 1.421364066e+02 1.055473632e+02*       
*        4.500000000e+01
GRID*               1303                 1.362222185e+02 1.097057142e+02*       
*        4.500000000e+01
GRID*               1304                 1.386370331e+02 1.103527618e+02*       
*        4.500000000e+01
GRID*               1305                 1.410518476e+02 1.109998094e+02*       
*        4.500000000e+01
GRID*               1306                 1.346454825e+02 1.143506287e+02*       
*        4.500000000e+01
GRID*               1307                 1.369551813e+02 1.153073373e+02*       
*        4.500000000e+01
GRID*               1308                 1.392648801e+02 1.162640459e+02*       
*        4.500000000e+01
GRID*               1309                 1.324759526e+02 1.187500000e+02*       
*        4.500000000e+01
GRID*               1310                 1.346410162e+02 1.200000000e+02*       
*        4.500000000e+01
GRID*               1311                 1.368060797e+02 1.212500000e+02*       
*        4.500000000e+01
GRID*               1312                 1.297507503e+02 1.228285536e+02*       
*        4.500000000e+01
GRID*               1313                 1.317341336e+02 1.243504572e+02*       
*        4.500000000e+01
GRID*               1314                 1.337175170e+02 1.258723607e+02*       
*        4.500000000e+01
GRID*               1315                 1.265165043e+02 1.265165043e+02*       
*        4.500000000e+01
GRID*               1316                 1.282842712e+02 1.282842712e+02*       
*        4.500000000e+01
GRID*               1317                 1.300520382e+02 1.300520382e+02*       
*        4.500000000e+01
GRID*               1318                 1.228285536e+02 1.297507503e+02*       
*        4.500000000e+01
GRID*               1319                 1.243504572e+02 1.317341336e+02*       
*        4.500000000e+01
GRID*               1320                 1.258723607e+02 1.337175170e+02*       
*        4.500000000e+01
GRID*               1321                 1.187500000e+02 1.324759526e+02*       
*        4.500000000e+01
GRID*               1322                 1.200000000e+02 1.346410162e+02*       
*        4.500000000e+01
GRID*               1323                 1.212500000e+02 1.368060797e+02*       
*        4.500000000e+01
GRID*               1324                 1.143506287e+02 1.346454825e+02*       
*        4.500000000e+01
GRID*               1325                 1.153073373e+02 1.369551813e+02*       
*        4.500000000e+01
GRID*               1326                 1.162640459e+02 1.392648801e+02*       
*        4.500000000e+01
GRID*               1327                 1.097057142e+02 1.362222185e+02*       
*        4.500000000e+01
GRID*               1328                 1.103527618e+02 1.386370331e+02*       
*        4.500000000e+01
GRID*               1329                 1.109998094e+02 1.410518476e+02*       
*        4.500000000e+01
GRID*               1330                 1.048947322e+02 1.371791823e+02*       
*        4.500000000e+01
GRID*               1331                 1.052210477e+02 1.396577945e+02*       
*        4.500000000e+01
GRID*               1332                 1.055473632e+02 1.421364066e+02*       
*        4.500000000e+01
GRID*               1333                 1.000000000e+02 1.375000000e+02*       
*        4.500000000e+01
GRID*               1334                 1.000000000e+02 1.400000000e+02*       
*        4.500000000e+01
GRID*               1335                 1.000000000e+02 1.425000000e+02*       
*        4.500000000e+01
GRID*               1336                 9.510526779e+01 1.371791823e+02*       
*        4.500000000e+01
GRID*               1337                 9.477895231e+01 1.396577945e+02*       
*        4.500000000e+01
GRID*               1338                 9.445263683e+01 1.421364066e+02*       
*        4.500000000e+01
GRID*               1339                 9.029428581e+01 1.362222185e+02*       
*        4.500000000e+01
GRID*               1340                 8.964723820e+01 1.386370331e+02*       
*        4.500000000e+01
GRID*               1341                 8.900019058e+01 1.410518476e+02*       
*        4.500000000e+01
GRID*               1342                 8.564937129e+01 1.346454825e+02*       
*        4.500000000e+01
GRID*               1343                 8.469266271e+01 1.369551813e+02*       
*        4.500000000e+01
GRID*               1344                 8.373595412e+01 1.392648801e+02*       
*        4.500000000e+01
GRID*               1345                 8.125000000e+01 1.324759526e+02*       
*        4.500000000e+01
GRID*               1346                 8.000000000e+01 1.346410162e+02*       
*        4.500000000e+01
GRID*               1347                 7.875000000e+01 1.368060797e+02*       
*        4.500000000e+01
GRID*               1348                 7.717144641e+01 1.297507503e+02*       
*        4.500000000e+01
GRID*               1349                 7.564954284e+01 1.317341336e+02*       
*        4.500000000e+01
GRID*               1350                 7.412763927e+01 1.337175170e+02*       
*        4.500000000e+01
GRID*               1351                 7.348349571e+01 1.265165043e+02*       
*        4.500000000e+01
GRID*               1352                 7.171572875e+01 1.282842712e+02*       
*        4.500000000e+01
GRID*               1353                 6.994796180e+01 1.300520382e+02*       
*        4.500000000e+01
GRID*               1354                 7.024924974e+01 1.228285536e+02*       
*        4.500000000e+01
GRID*               1355                 6.826586639e+01 1.243504572e+02*       
*        4.500000000e+01
GRID*               1356                 6.628248304e+01 1.258723607e+02*       
*        4.500000000e+01
GRID*               1357                 6.752404736e+01 1.187500000e+02*       
*        4.500000000e+01
GRID*               1358                 6.535898385e+01 1.200000000e+02*       
*        4.500000000e+01
GRID*               1359                 6.319392034e+01 1.212500000e+02*       
*        4.500000000e+01
GRID*               1360                 6.535451753e+01 1.143506287e+02*       
*        4.500000000e+01
GRID*               1361                 6.304481870e+01 1.153073373e+02*       
*        4.500000000e+01
GRID*               1362                 6.073511987e+01 1.162640459e+02*       
*        4.500000000e+01
GRID*               1363                 6.377778151e+01 1.097057142e+02*       
*        4.500000000e+01
GRID*               1364                 6.136296695e+01 1.103527618e+02*       
*        4.500000000e+01
GRID*               1365                 5.894815238e+01 1.109998094e+02*       
*        4.500000000e+01
GRID*               1366                 6.282081770e+01 1.048947322e+02*       
*        4.500000000e+01
GRID*               1367                 6.034220555e+01 1.052210477e+02*       
*        4.500000000e+01
GRID*               1368                 5.786359339e+01 1.055473632e+02*       
*        4.500000000e+01
GRID*               1369                 6.250000000e+01 1.000000000e+02*       
*        4.500000000e+01
GRID*               1370                 6.000000000e+01 1.000000000e+02*       
*        4.500000000e+01
GRID*               1371                 5.750000000e+01 1.000000000e+02*       
*        4.500000000e+01
GRID*               1372                 6.282081770e+01 9.510526779e+01*       
*        4.500000000e+01
GRID*               1373                 6.034220555e+01 9.477895231e+01*       
*        4.500000000e+01
GRID*               1374                 5.786359339e+01 9.445263683e+01*       
*        4.500000000e+01
GRID*               1375                 6.377778151e+01 9.029428581e+01*       
*        4.500000000e+01
GRID*               1376                 6.136296695e+01 8.964723820e+01*       
*        4.500000000e+01
GRID*               1377                 5.894815238e+01 8.900019058e+01*       
*        4.500000000e+01
GRID*               1378                 6.535451753e+01 8.564937129e+01*       
*        4.500000000e+01
GRID*               1379                 6.304481870e+01 8.469266271e+01*       
*        4.500000000e+01
GRID*               1380                 6.073511987e+01 8.373595412e+01*       
*        4.500000000e+01
GRID*               1381                 6.752404736e+01 8.125000000e+01*       
*        4.500000000e+01
GRID*               1382                 6.535898385e+01 8.000000000e+01*       
*        4.500000000e+01
GRID*               1383                 6.319392034e+01 7.875000000e+01*       
*        4.500000000e+01
GRID*               1384                 7.024924974e+01 7.717144641e+01*       
*        4.500000000e+01
GRID*               1385                 6.826586639e+01 7.564954284e+01*       
*        4.500000000e+01
GRID*               1386                 6.628248304e+01 7.412763927e+01*       
*        4.500000000e+01
GRID*               1387                 7.348349571e+01 7.348349571e+01*       
*        4.500000000e+01
GRID*               1388                 7.171572875e+01 7.171572875e+01*       
*        4.500000000e+01
GRID*               1389                 6.994796180e+01 6.994796180e+01*       
*        4.500000000e+01
GRID*               1390                 7.717144641e+01 7.024924974e+01*       
*        4.500000000e+01
GRID*               1391                 7.564954284e+01 6.826586639e+01*       
*        4.500000000e+01
GRID*               1392                 7.412763927e+01 6.628248304e+01*       
*        4.500000000e+01
GRID*               1393                 8.125000000e+01 6.752404736e+01*       
*        4.500000000e+01
GRID*               1394                 8.000000000e+01 6.535898385e+01*       
*        4.500000000e+01
GRID*               1395                 7.875000000e+01 6.319392034e+01*       
*        4.500000000e+01
GRID*               1396                 8.564937129e+01 6.535451753e+01*       
*        4.500000000e+01
GRID*               1397                 8.469266271e+01 6.304481870e+01*       
*        4.500000000e+01
GRID*               1398                 8.373595412e+01 6.073511987e+01*       
*        4.500000000e+01
GRID*               1399                 9.029428581e+01 6.377778151e+01*       
*        4.500000000e+01
GRID*               1400                 8.964723820e+01 6.136296695e+01*       
*        4.500000000e+01
GRID*               1401                 8.900019058e+01 5.894815238e+01*       
*        4.500000000e+01
GRID*               1402                 9.510526779e+01 6.282081770e+01*       
*        4.500000000e+01
GRID*               1403                 9.477895231e+01 6.034220555e+01*       
*        4.500000000e+01
GRID*               1404                 9.445263683e+01 5.786359339e+01*       
*        4.500000000e+01
GRID*               1405                 1.000000000e+02 6.250000000e+01*       
*        4.500000000e+01
GRID*               1406                 1.000000000e+02 6.000000000e+01*       
*        4.500000000e+01
GRID*               1407                 1.000000000e+02 5.750000000e+01*       
*        4.500000000e+01
GRID*               1408                 1.048947322e+02 6.282081770e+01*       
*        4.500000000e+01
GRID*               1409                 1.052210477e+02 6.034220555e+01*       
*        4.500000000e+01
GRID*               1410                 1.055473632e+02 5.786359339e+01*       
*        4.500000000e+01
GRID*               1411                 1.097057142e+02 6.377778151e+01*       
*        4.500000000e+01
GRID*               1412                 1.103527618e+02 6.136296695e+01*       
*        4.500000000e+01
GRID*               1413                 1.109998094e+02 5.894815238e+01*       
*        4.500000000e+01
GRID*               1414                 1.143506287e+02 6.535451753e+01*       
*        4.500000000e+01
GRID*               1415                 1.153073373e+02 6.304481870e+01*       
*        4.500000000e+01
GRID*               1416                 1.162640459e+02 6.073511987e+01*       
*        4.500000000e+01
GRID*               1417                 1.187500000e+02 6.752404736e+01*       
*        4.500000000e+01
GRID*               1418                 1.200000000e+02 6.535898385e+01*       
*        4.500000000e+01
GRID*               1419                 1.212500000e+02 6.319392034e+01*       
*        4.500000000e+01
GRID*               1420                 1.228285536e+02 7.024924974e+01*       
*        4.500000000e+01
GRID*               1421                 1.243504572e+02 6.826586639e+01*       
*        4.500000000e+01
GRID*               1422                 1.258723607e+02 6.628248304e+01*       
*        4.500000000e+01
GRID*               1423                 1.265165043e+02 7.348349571e+01*       
*        4.500000000e+01
GRID*               1424                 1.282842712e+02 7.171572875e+01*       
*        4.500000000e+01
GRID*               1425                 1.300520382e+02 6.994796180e+01*       
*        4.500000000e+01
GRID*               1426                 1.297507503e+02 7.717144641e+01*       
*        4.500000000e+01
GRID*               1427                 1.317341336e+02 7.564954284e+01*       
*        4.500000000e+01
GRID*               1428                 1.337175170e+02 7.412763927e+01*       
*        4.500000000e+01
GRID*               1429                 1.324759526e+02 8.125000000e+01*       
*        4.500000000e+01
GRID*               1430                 1.346410162e+02 8.000000000e+01*       
*        4.500000000e+01
GRID*               1431                 1.368060797e+02 7.875000000e+01*       
*        4.500000000e+01
GRID*               1432                 1.346454825e+02 8.564937129e+01*       
*        4.500000000e+01
GRID*               1433                 1.369551813e+02 8.469266271e+01*       
*        4.500000000e+01
GRID*               1434                 1.392648801e+02 8.373595412e+01*       
*        4.500000000e+01
GRID*               1435                 1.362222185e+02 9.029428581e+01*       
*        4.500000000e+01
GRID*               1436                 1.386370331e+02 8.964723820e+01*       
*        4.500000000e+01
GRID*               1437                 1.410518476e+02 8.900019058e+01*       
*        4.500000000e+01
GRID*               1438                 1.371791823e+02 9.510526779e+01*       
*        4.500000000e+01
GRID*               1439                 1.396577945e+02 9.477895231e+01*       
*        4.500000000e+01
GRID*               1440                 1.421364066e+02 9.445263683e+01*       
*        4.500000000e+01
GRID*               1441                 1.375000000e+02 1.000000000e+02*       
*        5.000000000e+01
GRID*               1442                 1.400000000e+02 1.000000000e+02*       
*        5.000000000e+01
GRID*               1443                 1.425000000e+02 1.000000000e+02*       
*        5.000000000e+01
GRID*               1444                 1.371791823e+02 1.048947322e+02*       
*        5.000000000e+01
GRID*               1445                 1.396577945e+02 1.052210477e+02*       
*        5.000000000e+01
GRID*               1446                 1.421364066e+02 1.055473632e+02*       
*        5.000000000e+01
GRID*               1447                 1.362222185e+02 1.097057142e+02*       
*        5.000000000e+01
GRID*               1448                 1.386370331e+02 1.103527618e+02*       
*        5.000000000e+01
GRID*               1449                 1.410518476e+02 1.109998094e+02*       
*        5.000000000e+01
GRID*               1450                 1.346454825e+02 1.143506287e+02*       
*        5.000000000e+01
GRID*               1451                 1.369551813e+02 1.153073373e+02*       
*        5.000000000e+01
GRID*               1452                 1.392648801e+02 1.162640459e+02*       
*        5.000000000e+01
GRID*               1453                 1.324759526e+02 1.187500000e+02*       
*        5.000000000e+01
GRID*               1454                 1.346410162e+02 1.200000000e+02*       
*        5.000000000e+01
GRID*               1455                 1.368060797e+02 1.212500000e+02*       
*        5.000000000e+01
GRID*               1456                 1.297507503e+02 1.228285536e+02*       
*        5.000000000e+01
GRID*               1457                 1.317341336e+02 1.243504572e+02*       
*        5.000000000e+01
GRID*               1458                 1.337175170e+02 1.258723607e+02*       
*        5.000000000e+01
GRID*               1459                 1.265165043e+02 1.265165043e+02*       
*        5.000000000e+01
GRID*               1460                 1.282842712e+02 1.282842712e+02*       
*        5.000000000e+01
GRID*               1461                 1.300520382e+02 1.300520382e+02*       
*        5.000000000e+01
GRID*               1462                 1.228285536e+02 1.297507503e+02*       
*        5.000000000e+01
GRID*               1463                 1.243504572e+02 1.317341336e+02*       
*        5.000000000e+01
GRID*               1464                 1.258723607e+02 1.337175170e+02*       
*        5.000000000e+01
GRID*               1465                 1.187500000e+02 1.324759526e+02*       
*        5.000000000e+01
GRID*               1466                 1.200000000e+02 1.346410162e+02*       
*        5.000000000e+01
GRID*               1467                 1.212500000e+02 1.368060797e+02*       
*        5.000000000e+01
GRID*               1468                 1.143506287e+02 1.346454825e+02*       
*        5.000000000e+01
GRID*               1469                 1.153073373e+02 1.369551813e+02*       
*        5.000000000e+01
GRID*               1470                 1.162640459e+02 1.392648801e+02*       
*        5.000000000e+01
GRID*               1471                 1.097057142e+02 1.362222185e+02*       
*        5.000000000e+01
GRID*               1472                 1.103527618e+02 1.386370331e+02*       
*        5.000000000e+01
GRID*               1473                 1.109998094e+02 1.410518476e+02*       
*        5.000000000e+01
GRID*               1474                 1.048947322e+02 1.371791823e+02*       
*        5.000000000e+01
GRID*               1475                 1.052210477e+02 1.396577945e+02*       
*        5.000000000e+01
GRID*               1476                 1.055473632e+02 1.421364066e+02*       
*        5.000000000e+01
GRID*               1477                 1.000000000e+02 1.375000000e+02*       
*        5.000000000e+01
GRID*               1478                 1.000000000e+02 1.400000000e+02*       
*        5.000000000e+01
GRID*               1479                 1.000000000e+02 1.425000000e+02*       
*        5.000000000e+01
GRID*               1480                 9.510526779e+01 1.371791823e+02*       
*        5.000000000e+01
GRID*               1481                 9.477895231e+01 1.396577945e+02*       
*        5.000000000e+01
GRID*               1482                 9.445263683e+01 1.421364066e+02*       
*        5.000000000e+01
GRID*               1483                 9.029428581e+01 1.362222185e+02*       
*        5.000000000e+01
GRID*               1484                 8.964723820e+01 1.386370331e+02*       
*        5.000000000e+01
GRID*               1485                 8.900019058e+01 1.410518476e+02*       
*        5.000000000e+01
GRID*               1486                 8.564937129e+01 1.346454825e+02*       
*        5.000000000e+01
GRID*               1487                 8.469266271e+01 1.369551813e+02*       
*        5.000000000e+01
GRID*               1488                 8.373595412e+01 1.392648801e+02*       
*        5.000000000e+01
GRID*               1489                 8.125000000e+01 1.324759526e+02*       
*        5.000000000e+01
GRID*               1490                 8.000000000e+01 1.346410162e+02*       
*        5.000000000e+01
GRID*               1491                 7.875000000e+01 1.368060797e+02*       
*        5.000000000e+01
GRID*               1492                 7.717144641e+01 1.297507503e+02*       
*        5.000000000e+01
GRID*               1493                 7.564954284e+01 1.317341336e+02*       
*        5.000000000e+01
GRID*               1494                 7.412763927e+01 1.337175170e+02*       
*        5.000000000e+01
GRID*               1495                 7.348349571e+01 1.265165043e+02*       
*        5.000000000e+01
GRID*               1496                 7.171572875e+01 1.282842712e+02*       
*        5.000000000e+01
GRID*               1497                 6.994796180e+01 1.300520382e+02*       
*        5.000000000e+01
GRID*               1498                 7.024924974e+01 1.228285536e+02*       
*        5.000000000e+01
GRID*               1499                 6.826586639e+01 1.243504572e+02*       
*        5.000000000e+01
GRID*               1500                 6.628248304e+01 1.258723607e+02*       
*        5.000000000e+01
GRID*               1501                 6.752404736e+01 1.187500000e+02*       
*        5.000000000e+01
GRID*               1502                 6.535898385e+01 1.200000000e+02*       
*        5.000000000e+01
GRID*               1503                 6.319392034e+01 1.212500000e+02*       
*        5.000000000e+01
GRID*               1504                 6.535451753e+01 1.143506287e+02*       
*        5.000000000e+01
GRID*               1505                 6.304481870e+01 1.153073373e+02*       
*        5.000000000e+01
GRID*               1506                 6.073511987e+01 1.162640459e+02*       
*        5.000000000e+01
GRID*               1507                 6.377778151e+01 1.097057142e+02*       
*        5.000000000e+01
GRID*               1508                 6.136296695e+01 1.103527618e+02*       
*        5.000000000e+01
GRID*               1509                 5.894815238e+01 1.109998094e+02*       
*        5.000000000e+01
GRID*               1510                 6.282081770e+01 1.048947322e+02*       
*        5.000000000e+01
GRID*               1511                 6.034220555e+01 1.052210477e+02*       
*        5.000000000e+01
GRID*               1512                 5.786359339e+01 1.055473632e+02*       
*        5.000000000e+01
GRID*               1513                 6.250000000e+01 1.000000000e+02*       
*        5.000000000e+01
GRID*               1514                 6.000000000e+01 1.000000000e+02*       
*        5.000000000e+01
GRID*               1515                 5.750000000e+01 1.000000000e+02*       
*        5.000000000e+01
GRID*               1516                 6.282081770e+01 9.510526779e+01*       
*        5.000000000e+01
GRID*               1517                 6.034220555e+01 9.477895231e+01*       
*        5.000000000e+01
GRID*               1518                 5.786359339e+01 9.445263683e+01*       
*        5.000000000e+01
GRID*               1519                 6.377778151e+01 9.029428581e+01*       
*        5.000000000e+01
GRID*               1520                 6.136296695e+01 8.964723820e+01*       
*        5.000000000e+01
GRID*               1521                 5.894815238e+01 8.900019058e+01*       
*        5.000000000e+01
GRID*               1522                 6.535451753e+01 8.564937129e+01*       
*        5.000000000e+01
GRID*               1523                 6.304481870e+01 8.469266271e+01*       
*        5.000000000e+01
GRID*               1524                 6.073511987e+01 8.373595412e+01*       
*        5.000000000e+01
GRID*               1525                 6.752404736e+01 8.125000000e+01*       
*        5.000000000e+01
GRID*               1526                 6.535898385e+01 8.000000000e+01*       
*        5.000000000e+01
GRID*               1527                 6.319392034e+01 7.875000000e+01*       
*        5.000000000e+01
GRID*               1528                 7.024924974e+01 7.717144641e+01*       
*        5.000000000e+01
GRID*               1529                 6.826586639e+01 7.564954284e+01*       
*        5.000000000e+01
GRID*               1530                 6.628248304e+01 7.412763927e+01*       
*        5.000000000e+01
GRID*               1531                 7.348349571e+01 7.348349571e+01*       
*        5.000000000e+01
GRID*               1532                 7.171572875e+01 7.171572875e+01*       
*        5.000000000e+01
GRID*               1533                 6.994796180e+01 6.994796180e+01*       
*        5.000000000e+01
GRID*               1534                 7.717144641e+01 7.024924974e+01*       
*        5.000000000e+01
GRID*               1535                 7.564954284e+01 6.826586639e+01*       
*        5.000000000e+01
GRID*               1536                 7.412763927e+01 6.628248304e+01*       
*        5.000000000e+01
GRID*               1537                 8.125000000e+01 6.752404736e+01*       
*        5.000000000e+01
GRID*               1538                 8.000000000e+01 6.535898385e+01*       
*        5.000000000e+01
GRID*               1539                 7.875000000e+01 6.319392034e+01*       
*        5.000000000e+01
GRID*               1540                 8.564937129e+01 6.535451753e+01*       
*        5.000000000e+01
GRID*               1541                 8.469266271e+01 6.304481870e+01*       
*        5.000000000e+01
GRID*               1542                 8.373595412e+01 6.073511987e+01*       
*        5.000000000e+01
GRID*               1543                 9.029428581e+01 6.377778151e+01*       
*        5.000000000e+01
GRID*               1544                 8.964723820e+01 6.136296695e+01*       
*        5.000000000e+01
GRID*               1545                 8.900019058e+01 5.894815238e+01*       
*        5.000000000e+01
GRID*               1546                 9.510526779e+01 6.282081770e+01*       
*        5.000000000e+01
GRID*               1547                 9.477895231e+01 6.034220555e+01*       
*        5.000000000e+01
GRID*               1548                 9.445263683e+01 5.786359339e+01*       
*        5.000000000e+01
GRID*               1549                 1.000000000e+02 6.250000000e+01*       
*        5.000000000e+01
GRID*               1550                 1.000000000e+02 6.000000000e+01*       
*        5.000000000e+01
GRID*               1551                 1.000000000e+02 5.750000000e+01*       
*        5.000000000e+01
GRID*               1552                 1.048947322e+02 6.282081770e+01*       
*        5.000000000e+01
GRID*               1553                 1.052210477e+02 6.034220555e+01*       
*        5.000000000e+01
GRID*               1554                 1.055473632e+02 5.786359339e+01*       
*        5.000000000e+01
GRID*               1555                 1.097057142e+02 6.377778151e+01*       
*        5.000000000e+01
GRID*               1556                 1.103527618e+02 6.136296695e+01*       
*        5.000000000e+01
GRID*               1557                 1.109998094e+02 5.894815238e+01*       
*        5.000000000e+01
GRID*               1558                 1.143506287e+02 6.535451753e+01*       
*        5.000000000e+01
GRID*               1559                 1.153073373e+02 6.304481870e+01*       
*        5.000000000e+01
GRID*               1560                 1.162640459e+02 6.073511987e+01*       
*        5.000000000e+01
GRID*               1561                 1.187500000e+02 6.752404736e+01*       
*        5.000000000e+01
GRID*               1562                 1.200000000e+02 6.535898385e+01*       
*        5.000000000e+01
GRID*               1563                 1.212500000e+02 6.319392034e+01*       
*        5.000000000e+01
GRID*               1564                 1.228285536e+02 7.024924974e+01*       
*        5.000000000e+01
GRID*               1565                 1.243504572e+02 6.826586639e+01*       
*        5.000000000e+01
GRID*               1566                 1.258723607e+02 6.628248304e+01*       
*        5.000000000e+01
GRID*               1567                 1.265165043e+02 7.348349571e+01*       
*        5.000000000e+01
GRID*               1568                 1.282842712e+02 7.171572875e+01*       
*        5.000000000e+01
GRID*               1569                 1.300520382e+02 6.994796180e+01*       
*        5.000000000e+01
GRID*               1570                 1.297507503e+02 7.717144641e+01*       
*        5.000000000e+01
GRID*               1571                 1.317341336e+02 7.564954284e+01*       
*        5.000000000e+01
GRID*               1572                 1.337175170e+02 7.412763927e+01*       
*        5.000000000e+01
GRID*               1573                 1.324759526e+02 8.125000000e+01*       
*        5.000000000e+01
GRID*               1574                 1.346410162e+02 8.000000000e+01*       
*        5.000000000e+01
GRID*               1575                 1.368060797e+02 7.875000000e+01*       
*        5.000000000e+01
GRID*               1576                 1.346454825e+02 8.564937129e+01*       
*        5.000000000e+01
GRID*               1577                 1.369551813e+02 8.469266271e+01*       
*        5.000000000e+01
GRID*               1578                 1.392648801e+02 8.373595412e+01*       
*        5.000000000e+01
GRID*               1579                 1.362222185e+02 9.029428581e+01*       
*        5.000000000e+01
GRID*               1580                 1.386370331e+02 8.964723820e+01*       
*        5.000000000e+01
GRID*               1581                 1.410518476e+02 8.900019058e+01*       
*        5.000000000e+01
GRID*               1582                 1.371791823e+02 9.510526779e+01*       
*        5.000000000e+01
GRID*               1583                 1.396577945e+02 9.477895231e+01*       
*        5.000000000e+01
GRID*               1584                 1.421364066e+02 9.445263683e+01*       
*        5.000000000e+01
GRID*               1585                 1.375000000e+02 1.000000000e+02*       
*        5.500000000e+01
GRID*               1586                 1.400000000e+02 1.000000000e+02*       
*        5.500000000e+01
GRID*               1587                 1.425000000e+02 1.000000000e+02*       
*        5.500000000e+01
GRID*               1588                 1.371791823e+02 1.048947322e+02*       
*        5.500000000e+01
GRID*               1589                 1.396577945e+02 1.052210477e+02*       
*        5.500000000e+01
GRID*               1590                 1.421364066e+02 1.055473632e+02*       
*        5.500000000e+01
GRID*               1591                 1.362222185e+02 1.097057142e+02*       
*        5.500000000e+01
GRID*               1592                 1.386370331e+02 1.103527618e+02*       
*        5.500000000e+01
GRID*               1593                 1.410518476e+02 1.109998094e+02*       
*        5.500000000e+01
GRID*               1594                 1.346454825e+02 1.143506287e+02*       
*        5.500000000e+01
GRID*               1595                 1.369551813e+02 1.153073373e+02*       
*        5.500000000e+01
GRID*               1596                 1.392648801e+02 1.162640459e+02*       
*        5.500000000e+01
GRID*               1597                 1.324759526e+02 1.187500000e+02*       
*        5.500000000e+01
GRID*               1598                 1.346410162e+02 1.200000000e+02*       
*        5.500000000e+01
GRID*               1599                 1.368060797e+02 1.212500000e+02*       
*        5.500000000e+01
GRID*               1600                 1.297507503e+02 1.228285536e+02*       
*        5.500000000e+01
GRID*               1601                 1.317341336e+02 1.243504572e+02*       
*        5.500000000e+01
GRID*               1602                 1.337175170e+02 1.258723607e+02*       
*        5.500000000e+01
GRID*               1603                 1.265165043e+02 1.265165043e+02*       
*        5.500000000e+01
GRID*               1604                 1.282842712e+02 1.282842712e+02*       
*        5.500000000e+01
GRID*               1605                 1.300520382e+02 1.300520382e+02*       
*        5.500000000e+01
GRID*               1606                 1.228285536e+02 1.297507503e+02*       
*        5.500000000e+01
GRID*               1607                 1.243504572e+02 1.317341336e+02*       
*        5.500000000e+01
GRID*               1608                 1.258723607e+02 1.337175170e+02*       
*        5.500000000e+01
GRID*               1609                 1.187500000e+02 1.324759526e+02*       
*        5.500000000e+01
GRID*               1610                 1.200000000e+02 1.346410162e+02*       
*        5.500000000e+01
GRID*               1611                 1.212500000e+02 1.368060797e+02*       
*        5.500000000e+01
GRID*               1612                 1.143506287e+02 1.346454825e+02*       
*        5.500000000e+01
GRID*               1613                 1.153073373e+02 1.369551813e+02*       
*        5.500000000e+01
GRID*               1614                 1.162640459e+02 1.392648801e+02*       
*        5.500000000e+01
GRID*               1615                 1.097057142e+02 1.362222185e+02*       
*        5.500000000e+01
GRID*               1616                 1.103527618e+02 1.386370331e+02*       
*        5.500000000e+01
GRID*               1617                 1.109998094e+02 1.410518476e+02*       
*        5.500000000e+01
GRID*               1618                 1.048947322e+02 1.371791823e+02*       
*        5.500000000e+01
GRID*               1619                 1.052210477e+02 1.396577945e+02*       
*        5.500000000e+01
GRID*               1620                 1.055473632e+02 1.421364066e+02*       
*        5.500000000e+01
GRID*               1621                 1.000000000e+02 1.375000000e+02*       
*        5.500000000e+01
GRID*               1622                 1.000000000e+02 1.400000000e+02*       
*        5.500000000e+01
GRID*               1623                 1.000000000e+02 1.425000000e+02*       
*        5.500000000e+01
GRID*               1624                 9.510526779e+01 1.371791823e+02*       
*        5.500000000e+01
GRID*               1625                 9.477895231e+01 1.396577945e+02*       
*        5.500000000e+01
GRID*               1626                 9.445263683e+01 1.421364066e+02*       
*        5.500000000e+01
GRID*               1627                 9.029428581e+01 1.362222185e+02*       
*        5.500000000e+01
GRID*               1628                 8.964723820e+01 1.386370331e+02*       
*        5.500000000e+01
GRID*               1629                 8.900019058e+01 1.410518476e+02*       
*        5.500000000e+01
GRID*               1630                 8.564937129e+01 1.346454825e+02*       
*        5.500000000e+01
GRID*               1631                 8.469266271e+01 1.369551813e+02*       
*        5.500000000e+01
GRID*               1632                 8.373595412e+01 1.392648801e+02*       
*        5.500000000e+01
GRID*               1633                 8.125000000e+01 1.324759526e+02*       
*        5.500000000e+01
GRID*               1634                 8.000000000e+01 1.346410162e+02*       
*        5.500000000e+01
GRID*               1635                 7.875000000e+01 1.368060797e+02*       
*        5.500000000e+01
GRID*               1636                 7.717144641e+01 1.297507503e+02*       
*        5.500000000e+01
GRID*               1637                 7.564954284e+01 1.317341336e+02*       
*        5.500000000e+01
GRID*               1638                 7.412763927e+01 1.337175170e+02*       
*        5.500000000e+01
GRID*               1639                 7.348349571e+01 1.265165043e+02*       
*        5.500000000e+01
GRID*               1640                 7.171572875e+01 1.282842712e+02*       
*        5.500000000e+01
GRID*               1641                 6.994796180e+01 1.300520382e+02*       
*        5.500000000e+01
GRID*               1642                 7.024924974e+01 1.228285536e+02*       
*        5.500000000e+01
GRID*               1643                 6.826586639e+01 1.243504572e+02*       
*        5.500000000e+01
GRID*               1644                 6.628248304e+01 1.258723607e+02*       
*        5.500000000e+01
GRID*               1645                 6.752404736e+01 1.187500000e+02*       
*        5.500000000e+01
GRID*               1646                 6.535898385e+01 1.200000000e+02*       
*        5.500000000e+01
GRID*               1647                 6.319392034e+01 1.212500000e+02*       
*        5.500000000e+01
GRID*               1648                 6.535451753e+01 1.143506287e+02*       
*        5.500000000e+01
GRID*               1649                 6.304481870e+01 1.153073373e+02*       
*        5.500000000e+01
GRID*               1650                 6.073511987e+01 1.162640459e+02*       
*        5.500000000e+01
GRID*               1651                 6.377778151e+01 1.097057142e+02*       
*        5.500000000e+01
GRID*               1652                 6.136296695e+01 1.103527618e+02*       
*        5.500000000e+01
GRID*               1653                 5.894815238e+01 1.109998094e+02*       
*        5.500000000e+01
GRID*               1654                 6.282081770e+01 1.048947322e+02*       
*        5.500000000e+01
GRID*               1655                 6.034220555e+01 1.052210477e+02*       
*        5.500000000e+01
GRID*               1656                 5.786359339e+01 1.055473632e+02*       
*        5.500000000e+01
GRID*               1657                 6.250000000e+01 1.000000000e+02*       
*        5.500000000e+01
GRID*               1658                 6.000000000e+01 1.000000000e+02*       
*        5.500000000e+01
GRID*               1659                 5.750000000e+01 1.000000000e+02*       
*        5.500000000e+01
GRID*               1660                 6.282081770e+01 9.510526779e+01*       
*        5.500000000e+01
GRID*               1661                 6.034220555e+01 9.477895231e+01*       
*        5.500000000e+01
GRID*               1662                 5.786359339e+01 9.445263683e+01*       
*        5.500000000e+01
GRID*               1663                 6.377778151e+01 9.029428581e+01*       
*        5.500000000e+01
GRID*               1664                 6.136296695e+01 8.964723820e+01*       
*        5.500000000e+01
GRID*               1665                 5.894815238e+01 8.900019058e+01*       
*        5.500000000e+01
GRID*               1666                 6.535451753e+01 8.564937129e+01*       
*        5.500000000e+01
GRID*               1667                 6.304481870e+01 8.469266271e+01*       
*        5.500000000e+01
GRID*               1668                 6.073511987e+01 8.373595412e+01*       
*        5.500000000e+01
GRID*               1669                 6.752404736e+01 8.125000000e+01*       
*        5.500000000e+01
GRID*               1670                 6.535898385e+01 8.000000000e+01*       
*        5.500000000e+01
GRID*               1671                 6.319392034e+01 7.875000000e+01*       
*        5.500000000e+01
GRID*               1672                 7.024924974e+01 7.717144641e+01*       
*        5.500000000e+01
GRID*               1673                 6.826586639e+01 7.564954284e+01*       
*        5.500000000e+01
GRID*               1674                 6.628248304e+01 7.412763927e+01*       
*        5.500000000e+01
GRID*               1675                 7.348349571e+01 7.348349571e+01*       
*        5.500000000e+01
GRID*               1676                 7.171572875e+01 7.171572875e+01*       
*        5.500000000e+01
GRID*               1677                 6.994796180e+01 6.994796180e+01*       
*        5.500000000e+01
GRID*               1678                 7.717144641e+01 7.024924974e+01*       
*        5.500000000e+01
GRID*               1679                 7.564954284e+01 6.826586639e+01*       
*        5.500000000e+01
GRID*               1680                 7.412763927e+01 6.628248304e+01*       
*        5.500000000e+01
GRID*               1681                 8.125000000e+01 6.752404736e+01*       
*        5.500000000e+01
GRID*               1682                 8.000000000e+01 6.535898385e+01*       
*        5.500000000e+01
GRID*               1683                 7.875000000e+01 6.319392034e+01*       
*        5.500000000e+01
GRID*               1684                 8.564937129e+01 6.535451753e+01*       
*        5.500000000e+01
GRID*               1685                 8.469266271e+01 6.304481870e+01*       
*        5.500000000e+01
GRID*               1686                 8.373595412e+01 6.073511987e+01*       
*        5.500000000e+01
GRID*               1687                 9.029428581e+01 6.377778151e+01*       
*        5.500000000e+01
GRID*               1688                 8.964723820e+01 6.136296695e+01*       
*        5.500000000e+01
GRID*               1689                 8.900019058e+01 5.894815238e+01*       
*        5.500000000e+01
GRID*               1690                 9.510526779e+01 6.282081770e+01*       
*        5.500000000e+01
GRID*               1691                 9.477895231e+01 6.034220555e+01*       
*        5.500000000e+01
GRID*               1692                 9.445263683e+01 5.786359339e+01*       
*        5.500000000e+01
GRID*               1693                 1.000000000e+02 6.250000000e+01*       
*        5.500000000e+01
GRID*               1694                 1.000000000e+02 6.000000000e+01*       
*        5.500000000e+01
GRID*               1695                 1.000000000e+02 5.750000000e+01*       
*        5.500000000e+01
GRID*               1696                 1.048947322e+02 6.282081770e+01*       
*        5.500000000e+01
GRID*               1697                 1.052210477e+02 6.034220555e+01*       
*        5.500000000e+01
GRID*               1698                 1.055473632e+02 5.786359339e+01*       
*        5.500000000e+01
GRID*               1699                 1.097057142e+02 6.377778151e+01*       
*        5.500000000e+01
GRID*               1700                 1.103527618e+02 6.136296695e+01*       
*        5.500000000e+01
GRID*               1701                 1.109998094e+02 5.894815238e+01*       
*        5.500000000e+01
GRID*               1702                 1.143506287e+02 6.535451753e+01*       
*        5.500000000e+01
GRID*               1703                 1.153073373e+02 6.304481870e+01*       
*        5.500000000e+01
GRID*               1704                 1.162640459e+02 6.073511987e+01*       
*        5.500000000e+01
GRID*               1705                 1.187500000e+02 6.752404736e+01*       
*        5.500000000e+01
GRID*               1706                 1.200000000e+02 6.535898385e+01*       
*        5.500000000e+01
GRID*               1707                 1.212500000e+02 6.319392034e+01*       
*        5.500000000e+01
GRID*               1708                 1.228285536e+02 7.024924974e+01*       
*        5.500000000e+01
GRID*               1709                 1.243504572e+02 6.826586639e+01*       
*        5.500000000e+01
GRID*               1710                 1.258723607e+02 6.628248304e+01*       
*        5.500000000e+01
GRID*               1711                 1.265165043e+02 7.348349571e+01*       
*        5.500000000e+01
GRID*               1712                 1.282842712e+02 7.171572875e+01*       
*        5.500000000e+01
GRID*               1713                 1.300520382e+02 6.994796180e+01*       
*        5.500000000e+01
GRID*               1714                 1.297507503e+02 7.717144641e+01*       
*        5.500000000e+01
GRID*               1715                 1.317341336e+02 7.564954284e+01*       
*        5.500000000e+01
GRID*               1716                 1.337175170e+02 7.412763927e+01*       
*        5.500000000e+01
GRID*               1717                 1.324759526e+02 8.125000000e+01*       
*        5.500000000e+01
GRID*               1718                 1.346410162e+02 8.000000000e+01*       
*        5.500000000e+01
GRID*               1719                 1.368060797e+02 7.875000000e+01*       
*        5.500000000e+01
GRID*               1720                 1.346454825e+02 8.564937129e+01*       
*        5.500000000e+01
GRID*               1721                 1.369551813e+02 8.469266271e+01*       
*        5.500000000e+01
GRID*               1722                 1.392648801e+02 8.373595412e+01*       
*        5.500000000e+01
GRID*               1723                 1.362222185e+02 9.029428581e+01*       
*        5.500000000e+01
GRID*               1724                 1.386370331e+02 8.964723820e+01*       
*        5.500000000e+01
GRID*               1725                 1.410518476e+02 8.900019058e+01*       
*        5.500000000e+01
GRID*               1726                 1.371791823e+02 9.510526779e+01*       
*        5.500000000e+01
GRID*               1727                 1.396577945e+02 9.477895231e+01*       
*        5.500000000e+01
GRID*               1728                 1.421364066e+02 9.445263683e+01*       
*        5.500000000e+01
GRID*               1729                 1.375000000e+02 1.000000000e+02*       
*        6.000000000e+01
GRID*               1730                 1.400000000e+02 1.000000000e+02*       
*        6.000000000e+01
GRID*               1731                 1.425000000e+02 1.000000000e+02*       
*        6.000000000e+01
GRID*               1732                 1.371791823e+02 1.048947322e+02*       
*        6.000000000e+01
GRID*               1733                 1.396577945e+02 1.052210477e+02*       
*        6.000000000e+01
GRID*               1734                 1.421364066e+02 1.055473632e+02*       
*        6.000000000e+01
GRID*               1735                 1.362222185e+02 1.097057142e+02*       
*        6.000000000e+01
GRID*               1736                 1.386370331e+02 1.103527618e+02*       
*        6.000000000e+01
GRID*               1737                 1.410518476e+02 1.109998094e+02*       
*        6.000000000e+01
GRID*               1738                 1.346454825e+02 1.143506287e+02*       
*        6.000000000e+01
GRID*               1739                 1.369551813e+02 1.153073373e+02*       
*        6.000000000e+01
GRID*               1740                 1.392648801e+02 1.162640459e+02*       
*        6.000000000e+01
GRID*               1741                 1.324759526e+02 1.187500000e+02*       
*        6.000000000e+01
GRID*               1742                 1.346410162e+02 1.200000000e+02*       
*        6.000000000e+01
GRID*               1743                 1.368060797e+02 1.212500000e+02*       
*        6.000000000e+01
GRID*               1744                 1.297507503e+02 1.228285536e+02*       
*        6.000000000e+01
GRID*               1745                 1.317341336e+02 1.243504572e+02*       
*        6.000000000e+01
GRID*               1746                 1.337175170e+02 1.258723607e+02*       
*        6.000000000e+01
GRID*               1747                 1.265165043e+02 1.265165043e+02*       
*        6.000000000e+01
GRID*               1748                 1.282842712e+02 1.282842712e+02*       
*        6.000000000e+01
GRID*               1749                 1.300520382e+02 1.300520382e+02*       
*        6.000000000e+01
GRID*               1750                 1.228285536e+02 1.297507503e+02*       
*        6.000000000e+01
GRID*               1751                 1.243504572e+02 1.317341336e+02*       
*        6.000000000e+01
GRID*               1752                 1.258723607e+02 1.337175170e+02*       
*        6.000000000e+01
GRID*               1753                 1.187500000e+02 1.324759526e+02*       
*        6.000000000e+01
GRID*               1754                 1.200000000e+02 1.346410162e+02*       
*        6.000000000e+01
GRID*               1755                 1.212500000e+02 1.368060797e+02*       
*        6.000000000e+01
GRID*               1756                 1.143506287e+02 1.346454825e+02*       
*        6.000000000e+01
GRID*               1757                 1.153073373e+02 1.369551813e+02*       
*        6.000000000e+01
GRID*               1758                 1.162640459e+02 1.392648801e+02*       
*        6.000000000e+01
GRID*               1759                 1.097057142e+02 1.362222185e+02*       
*        6.000000000e+01
GRID*               1760                 1.103527618e+02 1.386370331e+02*       
*        6.000000000e+01
GRID*               1761                 1.109998094e+02 1.410518476e+02*       
*        6.000000000e+01
GRID*               1762                 1.048947322e+02 1.371791823e+02*       
*        6.000000000e+01
GRID*               1763                 1.052210477e+02 1.396577945e+02*       
*        6.000000000e+01
GRID*               1764                 1.055473632e+02 1.421364066e+02*       
*        6.000000000e+01
GRID*               1765                 1.000000000e+02 1.375000000e+02*       
*        6.000000000e+01
GRID*               1766                 1.000000000e+02 1.400000000e+02*       
*        6.000000000e+01
GRID*               1767                 1.000000000e+02 1.425000000e+02*       
*        6.000000000e+01
GRID*               1768                 9.510526779e+01 1.371791823e+02*       
*        6.000000000e+01
GRID*               1769                 9.477895231e+01 1.396577945e+02*       
*        6.000000000e+01
GRID*               1770                 9.445263683e+01 1.421364066e+02*       
*        6.000000000e+01
GRID*               1771                 9.029428581e+01 1.362222185e+02*       
*        6.000000000e+01
GRID*               1772                 8.964723820e+01 1.386370331e+02*       
*        6.000000000e+01
GRID*               1773                 8.900019058e+01 1.410518476e+02*       
*        6.000000000e+01
GRID*               1774                 8.564937129e+01 1.346454825e+02*       
*        6.000000000e+01
GRID*               1775                 8.469266271e+01 1.369551813e+02*       
*        6.000000000e+01
GRID*               1776                 8.373595412e+01 1.392648801e+02*       
*        6.000000000e+01
GRID*               1777                 8.125000000e+01 1.324759526e+02*       
*        6.000000000e+01
GRID*               1778                 8.000000000e+01 1.346410162e+02*       
*        6.000000000e+01
GRID*               1779                 7.875000000e+01 1.368060797e+02*       
*        6.000000000e+01
GRID*               1780                 7.717144641e+01 1.297507503e+02*       
*        6.000000000e+01
GRID*               1781                 7.564954284e+01 1.317341336e+02*       
*        6.000000000e+01
GRID*               1782                 7.412763927e+01 1.337175170e+02*       
*        6.000000000e+01
GRID*               1783                 7.348349571e+01 1.265165043e+02*       
*        6.000000000e+01
GRID*               1784                 7.171572875e+01 1.282842712e+02*       
*        6.000000000e+01
GRID*               1785                 6.994796180e+01 1.300520382e+02*       
*        6.000000000e+01
GRID*               1786                 7.024924974e+01 1.228285536e+02*       
*        6.000000000e+01
GRID*               1787                 6.826586639e+01 1.243504572e+02*       
*        6.000000000e+01
GRID*               1788                 6.628248304e+01 1.258723607e+02*       
*        6.000000000e+01
GRID*               1789                 6.752404736e+01 1.187500000e+02*       
*        6.000000000e+01
GRID*               1790                 6.535898385e+01 1.200000000e+02*       
*        6.000000000e+01
GRID*               1791                 6.319392034e+01 1.212500000e+02*       
*        6.000000000e+01
GRID*               1792                 6.535451753e+01 1.143506287e+02*       
*        6.000000000e+01
GRID*               1793                 6.304481870e+01 1.153073373e+02*       
*        6.000000000e+01
GRID*               1794                 6.073511987e+01 1.162640459e+02*       
*        6.000000000e+01
GRID*               1795                 6.377778151e+01 1.097057142e+02*       
*        6.000000000e+01
GRID*               1796                 6.136296695e+01 1.103527618e+02*       
*        6.000000000e+01
GRID*               1797                 5.894815238e+01 1.109998094e+02*       
*        6.000000000e+01
GRID*               1798                 6.282081770e+01 1.048947322e+02*       
*        6.000000000e+01
GRID*               1799                 6.034220555e+01 1.052210477e+02*       
*        6.000000000e+01
GRID*               1800                 5.786359339e+01 1.055473632e+02*       
*        6.000000000e+01
GRID*               1801                 6.250000000e+01 1.000000000e+02*       
*        6.000000000e+01
GRID*               1802                 6.000000000e+01 1.000000000e+02*       
*        6.000000000e+01
GRID*               1803                 5.750000000e+01 1.000000000e+02*       
*        6.000000000e+01
GRID*               1804                 6.282081770e+01 9.510526779e+01*       
*        6.000000000e+01
GRID*               1805                 6.034220555e+01 9.477895231e+01*       
*        6.000000000e+01
GRID*               1806                 5.786359339e+01 9.445263683e+01*       
*        6.000000000e+01
GRID*               1807                 6.377778151e+01 9.029428581e+01*       
*        6.000000000e+01
GRID*               1808                 6.136296695e+01 8.964723820e+01*       
*        6.000000000e+01
GRID*               1809                 5.894815238e+01 8.900019058e+01*       
*        6.000000000e+01
GRID*               1810                 6.535451753e+01 8.564937129e+01*       
*        6.000000000e+01
GRID*               1811                 6.304481870e+01 8.469266271e+01*       
*        6.000000000e+01
GRID*               1812                 6.073511987e+01 8.373595412e+01*       
*        6.000000000e+01
GRID*               1813                 6.752404736e+01 8.125000000e+01*       
*        6.000000000e+01
GRID*               1814                 6.535898385e+01 8.000000000e+01*       
*        6.000000000e+01
GRID*               1815                 6.319392034e+01 7.875000000e+01*       
*        6.000000000e+01
GRID*               1816                 7.024924974e+01 7.717144641e+01*       
*        6.000000000e+01
GRID*               1817                 6.826586639e+01 7.564954284e+01*       
*        6.000000000e+01
GRID*               1818                 6.628248304e+01 7.412763927e+01*       
*        6.000000000e+01
GRID*               1819                 7.348349571e+01 7.348349571e+01*       
*        6.000000000e+01
GRID*               1820                 7.171572875e+01 7.171572875e+01*       
*        6.000000000e+01
GRID*               1821                 6.994796180e+01 6.994796180e+01*       
*        6.000000000e+01
GRID*               1822                 7.717144641e+01 7.024924974e+01*       
*        6.000000000e+01
GRID*               1823                 7.564954284e+01 6.826586639e+01*       
*        6.000000000e+01
GRID*               1824                 7.412763927e+01 6.628248304e+01*       
*        6.000000000e+01
GRID*               1825                 8.125000000e+01 6.752404736e+01*       
*        6.000000000e+01
GRID*               1826                 8.000000000e+01 6.535898385e+01*       
*        6.000000000e+01
GRID*               1827                 7.875000000e+01 6.319392034e+01*       
*        6.000000000e+01
GRID*               1828                 8.564937129e+01 6.535451753e+01*       
*        6.000000000e+01
GRID*               1829                 8.469266271e+01 6.304481870e+01*       
*        6.000000000e+01
GRID*               1830                 8.373595412e+01 6.073511987e+01*       
*        6.000000000e+01
GRID*               1831                 9.029428581e+01 6.377778151e+01*       
*        6.000000000e+01
GRID*               1832                 8.964723820e+01 6.136296695e+01*       
*        6.000000000e+01
GRID*               1833                 8.900019058e+01 5.894815238e+01*       
*        6.000000000e+01
GRID*               1834                 9.510526779e+01 6.282081770e+01*       
*        6.000000000e+01
GRID*               1835                 9.477895231e+01 6.034220555e+01*       
*        6.000000000e+01
GRID*               1836                 9.445263683e+01 5.786359339e+01*       
*        6.000000000e+01
GRID*               1837                 1.000000000e+02 6.250000000e+01*       
*        6.000000000e+01
GRID*               1838                 1.000000000e+02 6.000000000e+01*       
*        6.000000000e+01
GRID*               1839                 1.000000000e+02 5.750000000e+01*       
*        6.000000000e+01
GRID*               1840                 1.048947322e+02 6.282081770e+01*       
*        6.000000000e+01
GRID*               1841                 1.052210477e+02 6.034220555e+01*       
*        6.000000000e+01
GRID*               1842                 1.055473632e+02 5.786359339e+01*       
*        6.000000000e+01
GRID*               1843                 1.097057142e+02 6.377778151e+01*       
*        6.000000000e+01
GRID*               1844                 1.103527618e+02 6.136296695e+01*       
*        6.000000000e+01
GRID*               1845                 1.109998094e+02 5.894815238e+01*       
*        6.000000000e+01
GRID*               1846                 1.143506287e+02 6.535451753e+01*       
*        6.000000000e+01
GRID*               1847                 1.153073373e+02 6.304481870e+01*       
*        6.000000000e+01
GRID*               1848                 1.162640459e+02 6.073511987e+01*       
*        6.000000000e+01
GRID*               1849                 1.187500000e+02 6.752404736e+01*       
*        6.000000000e+01
GRID*               1850                 1.200000000e+02 6.535898385e+01*       
*        6.000000000e+01
GRID*               1851                 1.212500000e+02 6.319392034e+01*       
*        6.000000000e+01
GRID*               1852                 1.228285536e+02 7.024924974e+01*       
*        6.000000000e+01
GRID*               1853                 1.243504572e+02 6.826586639e+01*       
*        6.000000000e+01
GRID*               1854                 1.258723607e+02 6.628248304e+01*       
*        6.000000000e+01
GRID*               1855                 1.265165043e+02 7.348349571e+01*       
*        6.000000000e+01
GRID*               1856                 1.282842712e+02 7.171572875e+01*       
*        6.000000000e+01
GRID*               1857                 1.300520382e+02 6.994796180e+01*       
*        6.000000000e+01
GRID*               1858                 1.297507503e+02 7.717144641e+01*       
*        6.000000000e+01
GRID*               1859                 1.317341336e+02 7.564954284e+01*       
*        6.000000000e+01
GRID*               1860                 1.337175170e+02 7.412763927e+01*       
*        6.000000000e+01
GRID*               1861                 1.324759526e+02 8.125000000e+01*       
*        6.000000000e+01
GRID*               1862                 1.346410162e+02 8.000000000e+01*       
*        6.000000000e+01
GRID*               1863                 1.368060797e+02 7.875000000e+01*       
*        6.000000000e+01
GRID*               1864                 1.346454825e+02 8.564937129e+01*       
*        6.000000000e+01
GRID*               1865                 1.369551813e+02 8.469266271e+01*       
*        6.000000000e+01
GRID*               1866                 1.392648801e+02 8.373595412e+01*       
*        6.000000000e+01
GRID*               1867                 1.362222185e+02 9.029428581e+01*       
*        6.000000000e+01
GRID*               1868                 1.386370331e+02 8.964723820e+01*       
*        6.000000000e+01
GRID*               1869                 1.410518476e+02 8.900019058e+01*       
*        6.000000000e+01
GRID*               1870                 1.371791823e+02 9.510526779e+01*       
*        6.000000000e+01
GRID*               1871                 1.396577945e+02 9.477895231e+01*       
*        6.000000000e+01
GRID*               1872                 1.421364066e+02 9.445263683e+01*       
*        6.000000000e+01
CHEXA          1       1       1       2       5       4     145     146+       
+            149     148
CHEXA          2       1       2       3       6       5     146     147+       
+            150     149
CHEXA          3       1       4       5       8       7     148     149+       
+            152     151
CHEXA          4       1       5       6       9       8     149     150+       
+            153     152
CHEXA          5       1       7       8      11      10     151     152+       
+            155     154
CHEXA          6       1       8       9      12      11     152     153+       
+            156     155
CHEXA          7       1      10      11      14      13     154     155+       
+            158     157
CHEXA          8       1      11      12      15      14     155     156+       
+            159     158
CHEXA          9       1      13      14      17      16     157     158+       
+            161     160
CHEXA         10       1      14      15      18      17     158     159+       
+            162     161
CHEXA         11       1      16      17      20      19     160     161+       
+            164     163
CHEXA         12       1      17      18      21      20     161     162+       
+            165     164
CHEXA         13       1      19      20      23      22     163     164+       
+            167     166
CHEXA         14       1      20      21      24      23     164     165+       
+            168     167
CHEXA         15       1      22      23      26      25     166     167+       
+            170     169
CHEXA         16       1      23      24      27      26     167     168+       
+            171     170
CHEXA         17       1      25      26      29      28     169     170+       
+            173     172
CHEXA         18       1      26      27      30      29     170     171+       
+            174     173
CHEXA         19       1      28      29      32      31     172     173+       
+            176     175
CHEXA         20       1      29      30      33      32     173     174+       
+            177     176
CHEXA         21       1      31      32      35      34     175     176+       
+            179     178
CHEXA         22       1      32      33      36      35     176     177+       
+            180     179
CHEXA         23       1      34      35      38      37     178     179+       
+            182     181
CHEXA         24       1      35      36      39      38     179     180+       
+            183     182
CHEXA         25       1      37      38      41      40     181     182+       
+            185     184
CHEXA         26       1      38      39      42      41     182     183+       
+            186     185
CHEXA         27       1      40      41      44      43     184     185+       
+            188     187
CHEXA         28       1      41      42      45      44     185     186+       
+            189     188
CHEXA         29       1      43      44      47      46     187     188+       
+            191     190
CHEXA         30       1      44      45      48      47     188     189+       
+            192     191
CHEXA         31       1      46      47      50      49     190     191+       
+            194     193
CHEXA         32       1      47      48      51      50     191     192+       
+            195     194
CHEXA         33       1      49      50      53      52     193     194+       
+            197     196
CHEXA         34       1      50      51      54      53     194     195+       
+            198     197
CHEXA         35       1      52      53      56      55     196     197+       
+            200     199
CHEXA         36       1      53      54      57      56     197     198+       
+            201     200
CHEXA         37       1      55      56      59      58     199     200+       
+            203     202
CHEXA         38       1      56      57      60      59     200     201+       
+            204     203
CHEXA         39       1      58      59      62      61     202     203+       
+            206     205
CHEXA         40       1      59      60      63      62     203     204+       
+            207     206
CHEXA         41       1      61      62      65      64     205     206+       
+            209     208
CHEXA         42       1      62      63      66      65     206     207+       
+            210     209
CHEXA         43       1      64      65      68      67     208     209+       
+            212     211
CHEXA         44       1      65      66      69      68     209     210+       
+            213     212
CHEXA         45       1      67      68      71      70     211     212+       
+            215     214
CHEXA         46       1      68      69      72      71     212     213+       
+            216     215
CHEXA         47       1      70      71      74      73     214     215+       
+            218     217
CHEXA         48       1      71      72      75      74     215     216+       
+            219     218
CHEXA         49       1      73      74      77      76     217     218+       
+            221     220
CHEXA         50       1      74      75      78      77     218     219+       
+            222     221
CHEXA         51       1      76      77      80      79     220     221+       
+            224     223
CHEXA         52       1      77      78      81      80     221     222+       
+            225     224
CHEXA         53       1      79      80      83      82     223     224+       
+            227     226
CHEXA         54       1      80      81      84      83     224     225+       
+            228     227
CHEXA         55       1      82      83      86      85     226     227+       
+            230     229
CHEXA         56       1      83      84      87      86     227     228+       
+            231     230
CHEXA         57       1      85      86      89      88     229     230+       
+            233     232
CHEXA         58       1      86      87      90      89     230     231+       
+            234     233
CHEXA         59       1      88      89      92      91     232     233+       
+            236     235
CHEXA         60       1      89      90      93      92     233     234+       
+            237     236
CHEXA         61       1      91      92      95      94     235     236+       
+            239     238
CHEXA         62       1      92      93      96      95     236     237+       
+            240     239
CHEXA         63       1      94      95      98      97     238     239+       
+            242     241
CHEXA         64       1      95      96      99      98     239     240+       
+            243     242
CHEXA         65       1      97      98     101     100     241     242+       
+            245     244
CHEXA         66       1      98      99     102     101     242     243+       
+            246     245
CHEXA         67       1     100     101     104     103     244     245+       
+            248     247
CHEXA         68       1     101     102     105     104     245     246+       
+            249     248
CHEXA         69       1     103     104     107     106     247     248+       
+            251     250
CHEXA         70       1     104     105     108     107     248     249+       
+            252     251
CHEXA         71       1     106     107     110     109     250     251+       
+            254     253
CHEXA         72       1     107     108     111     110     251     252+       
+            255     254
CHEXA         73       1     109     110     113     112     253     254+       
+            257     256
CHEXA         74       1     110     111     114     113     254     255+       
+            258     257
CHEXA         75       1     112     113     116     115     256     257+       
+            260     259
CHEXA         76       1     113     114     117     116     257     258+       
+            261     260
CHEXA         77       1     115     116     119     118     259     260+       
+            263     262
CHEXA         78       1     116     117     120     119     260     261+       
+            264     263
CHEXA         79       1     118     119     122     121     262     263+       
+            266     265
CHEXA         80       1     119     120     123     122     263     264+       
+            267     266
CHEXA         81       1     121     122     125     124     265     266+       
+            269     268
CHEXA         82       1     122     123     126     125     266     267+       
+            270     269
CHEXA         83       1     124     125     128     127     268     269+       
+            272     271
CHEXA         84       1     125     126     129     128     269     270+       
+            273     272
CHEXA         85       1     127     128     131     130     271     272+       
+            275     274
CHEXA         86       1     128     129     132     131     272     273+       
+            276     275
CHEXA         87       1     130     131     134     133     274     275+       
+            278     277
CHEXA         88       1     131     132     135     134     275     276+       
+            279     278
CHEXA         89       1     133     134     137     136     277     278+       
+            281     280
CHEXA         90       1     134     135     138     137     278     279+       
+            282     281
CHEXA         91       1     136     137     140     139     280     281+       
+            284     283
CHEXA         92       1     137     138     141     140     281     282+       
+            285     284
CHEXA         93       1     139     140     143     142     283     284+       
+            287     286
CHEXA         94       1     140     141     144     143     284     285+       
+            288     287
CHEXA         95       1     142     143       2       1     286     287+       
+            146     145
CHEXA         96       1     143     144       3       2     287     288+       
+            147     146
CHEXA         97       1     145     146     149     148     289     290+       
+            293     292
CHEXA         98       1     146     147     150     149     290     291+       
+            294     293
CHEXA         99       1     148     149     152     151     292     293+       
+            296     295
CHEXA        100       1     149     150     153     152     293     294+       
+            297     296
CHEXA        101       1     151     152     155     154     295     296+       
+            299     298
CHEXA        102       1     152     153     156     155     296     297+       
+            300     299
CHEXA        103       1     154     155     158     157     298     299+       
+            302     301
CHEXA        104       1     155     156     159     158     299     300+       
+            303     302
CHEXA        105       1     157     158     161     160     301     302+       
+            305     304
CHEXA        106       1     158     159     162     161     302     303+       
+            306     305
CHEXA        107       1     160     161     164     163     304     305+       
+            308     307
CHEXA        108       1     161     162     165     164     305     306+       
+            309     308
CHEXA        109       1     163     164     167     166     307     308+       
+            311     310
CHEXA        110       1     164     165     168     167     308     309+       
+            312     311
CHEXA        111       1     166     167     170     169     310     311+       
+            314     313
CHEXA        112       1     167     168     171     170     311     312+       
+            315     314
CHEXA        113       1     169     170     173     172     313     314+       
+            317     316
CHEXA        114       1     170     171     174     173     314     315+       
+            318     317
CHEXA        115       1     172     173     176     175     316     317+       
+            320     319
CHEXA        116       1     173     174     177     176     317     318+       
+            321     320
CHEXA        117       1     175     176     179     178     319     320+       
+            323     322
CHEXA        118       1     176     177     180     179     320     321+       
+            324     323
CHEXA        119       1     178     179     182     181     322     323+       
+            326     325
CHEXA        120       1     179     180     183     182     323     324+       
+            327     326
CHEXA        121       1     181     182     185     184     325     326+       
+            329     328
CHEXA        122       1     182     183     186     185     326     327+       
+            330     329
CHEXA        123       1     184     185     188     187     328     329+       
+            332     331
CHEXA        124       1     185     186     189     188     329     330+       
+            333     332
CHEXA        125       1     187     188     191     190     331     332+       
+            335     334
CHEXA        126       1     188     189     192     191     332     333+       
+            336     335
CHEXA        127       1     190     191     194     193     334     335+       
+            338     337
CHEXA        128       1     191     192     195     194     335     336+       
+            339     338
CHEXA        129       1     193     194     197     196     337     338+       
+            341     340
CHEXA        130       1     194     195     198     197     338     339+       
+            342     341
CHEXA        131       1     196     197     200     199     340     341+       
+            344     343
CHEXA        132       1     197     198     201     200     341     342+       
+            345     344
CHEXA        133       1     199     200     203     202     343     344+       
+            347     346
CHEXA        134       1     200     201     204     203     344     345+       
+            348     347
CHEXA        135       1     202     203     206     205     346     347+       
+            350     349
CHEXA        136       1     203     204     207     206     347     348+       
+            351     350
CHEXA        137       1     205     206     209     208     349     350+       
+            353     352
CHEXA        138       1     206     207     210     209     350     351+       
+            354     353
CHEXA        139       1     208     209     212     211     352     353+       
+            356     355
CHEXA        140       1     209     210     213     212     353     354+       
+            357     356
CHEXA        141       1     211     212     215     214     355     356+       
+            359     358
CHEXA        142       1     212     213     216     215     356     357+       
+            360     359
CHEXA        143       1     214     215     218     217     358     359+       
+            362     361
CHEXA        144       1     215     216     219     218     359     360+       
+            363     362
CHEXA        145       1     217     218     221     220     361     362+       
+            365     364
CHEXA        146       1     218     219     222     221     362     363+       
+            366     365
CHEXA        147       1     220     221     224     223     364     365+       
+            368     367
CHEXA        148       1     221     222     225     224     365     366+       
+            369     368
CHEXA        149       1     223     224     227     226     367     368+       
+            371     370
CHEXA        150       1     224     225     228     227     368     369+       
+            372     371
CHEXA        151       1     226     227     230     229     370     371+       
+            374     373
CHEXA        152       1     227     228     231     230     371     372+       
+            375     374
CHEXA        153       1     229     230     233     232     373     374+       
+            377     376
CHEXA        154       1     230     231     234     233     374     375+       
+            378     377
CHEXA        155       1     232     233     236     235     376     377+       
+            380     379
CHEXA        156       1     233     234     237     236     377     378+       
+            381     380
CHEXA        157       1     235     236     239     238     379     380+       
+            383     382
CHEXA        158       1     236     237     240     239     380     381+       
+            384     383
CHEXA        159       1     238     239     242     241     382     383+       
+            386     385
CHEXA        160       1     239     240     243     242     383     384+       
+            387     386
CHEXA        161       1     241     242     245     244     385     386+       
+            389     388
CHEXA        162       1     242     243     246     245     386     387+       
+            390     389
CHEXA        163       1     244     245     248     247     388     389+       
+            392     391
CHEXA        164       1     245     246     249     248     389     390+       
+            393     392
CHEXA        165       1     247     248     251     250     391     392+       
+            395     394
CHEXA        166       1     248     249     252     251     392     393+       
+            396     395
CHEXA        167       1     250     251     254     253     394     395+       
+            398     397
CHEXA        168       1     251     252     255     254     395     396+       
+            399     398
CHEXA        169       1     253     254     257     256     397     398+       
+            401     400
CHEXA        170       1     254     255     258     257     398     399+       
+            402     401
CHEXA        171       1     256     257     260     259     400     401+       
+            404     403
CHEXA        172       1     257     258     261     260     401     402+       
+            405     404
CHEXA        173       1     259     260     263     262     403     404+       
+            407     406
CHEXA        174       1     260     261     264     263     404     405+       
+            408     407
CHEXA        175       1     262     263     266     265     406     407+       
+            410     409
CHEXA        176       1     263     264     267     266     407     408+       
+            411     410
CHEXA        177       1     265     266     269     268     409     410+       
+            413     412
CHEXA        178       1     266     267     270     269     410     411+       
+            414     413
CHEXA        179       1     268     269     272     271     412     413+       
+            416     415
CHEXA        180       1     269     270     273     272     413     414+       
+            417     416
CHEXA        181       1     271     272     275     274     415     416+       
+            419     418
CHEXA        182       1     272     273     276     275     416     417+       
+            420     419
CHEXA        183       1     274     275     278     277     418     419+       
+            422     421
CHEXA        184       1     275     276     279     278     419     420+       
+            423     422
CHEXA        185       1     277     278     281     280     421     422+       
+            425     424
CHEXA        186       1     278     279     282     281     422     423+       
+            426     425
CHEXA        187       1     280     281     284     283     424     425+       
+            428     427
CHEXA        188       1     281     282     285     284     425     426+       
+            429     428
CHEXA        189       1     283     284     287     286     427     428+       
+            431     430
CHEXA        190       1     284     285     288     287     428     429+       
+            432     431
CHEXA        191       1     286     287     146     145     430     431+       
+            290     289
CHEXA        192       1     287     288     147     146     431     432+       
+            291     290
CHEXA        193       1     289     290     293     292     433     434+       
+            437     436
CHEXA        194       1     290     291     294     293     434     435+       
+            438     437
CHEXA        195       1     292     293     296     295     436     437+       
+            440     439
CHEXA        196       1     293     294     297     296     437     438+       
+            441     440
CHEXA        197       1     295     296     299     298     439     440+       
+            443     442
CHEXA        198       1     296     297     300     299     440     441+       
+            444     443
CHEXA        199       1     298     299     302     301     442     443+       
+            446     445
CHEXA        200       1     299     300     303     302     443     444+       
+            447     446
CHEXA        201       1     301     302     305     304     445     446+       
+            449     448
CHEXA        202       1     302     303     306     305     446     447+       
+            450     449
CHEXA        203       1     304     305     308     307     448     449+       
+            452     451
CHEXA        204       1     305     306     309     308     449     450+       
+            453     452
CHEXA        205       1     307     308     311     310     451     452+       
+            455     454
CHEXA        206       1     308     309     312     311     452     453+       
+            456     455
CHEXA        207       1     310     311     314     313     454     455+       
+            458     457
CHEXA        208       1     311     312     315     314     455     456+       
+            459     458
CHEXA        209       1     313     314     317     316     457     458+       
+            461     460
CHEXA        210       1     314     315     318     317     458     459+       
+            462     461
CHEXA        211       1     316     317     320     319     460     461+       
+            464     463
CHEXA        212       1     317     318     321     320     461     462+       
+            465     464
CHEXA        213       1     319     320     323     322     463     464+       
+            467     466
CHEXA        214       1     320     321     324     323     464     465+       
+            468     467
CHEXA        215       1     322     323     326     325     466     467+       
+            470     469
CHEXA        216       1     323     324     327     326     467     468+       
+            471     470
CHEXA        217       1     325     326     329     328     469     470+       
+            473     472
CHEXA        218       1     326     327     330     329     470     471+       
+            474     473
CHEXA        219       1     328     329     332     331     472     473+       
+            476     475
CHEXA        220       1     329     330     333     332     473     474+       
+            477     476
CHEXA        221       1     331     332     335     334     475     476+       
+            479     478
CHEXA        222       1     332     333     336     335     476     477+       
+            480     479
CHEXA        223       1     334     335     338     337     478     479+       
+            482     481
CHEXA        224       1     335     336     339     338     479     480+       
+            483     482
CHEXA        225       1     337     338     341     340     481     482+       
+            485     484
CHEXA        226       1     338     339     342     341     482     483+       
+            486     485
CHEXA        227       1     340     341     344     343     484     485+       
+            488     487
CHEXA        228       1     341     342     345     344     485     486+       
+            489     488
CHEXA        229       1     343     344     347     346     487     488+       
+            491     490
CHEXA        230       1     344     345     348     347     488     489+       
+            492     491
CHEXA        231       1     346     347     350     349     490     491+       
+            494     493
CHEXA        232       1     347     348     351     350     491     492+       
+            495     494
CHEXA        233       1     349     350     353     352     493     494+       
+            497     496
CHEXA        234       1     350     351     354     353     494     495+       
+            498     497
CHEXA        235       1     352     353     356     355     496     497+       
+            500     499
CHEXA        236       1     353     354     357     356     497     498+       
+            501     500
CHEXA        237       1     355     356     359     358     499     500+       
+            503     502
CHEXA        238       1     356     357     360     359     500     501+       
+            504     503
CHEXA        239       1     358     359     362     361     502     503+       
+            506     505
CHEXA        240       1     359     360     363     362     503     504+       
+            507     506
CHEXA        241       1     361     362     365     364     505     506+       
+            509     508
CHEXA        242       1     362     363     366     365     506     507+       
+            510     509
CHEXA        243       1     364     365     368     367     508     509+       
+            512     511
CHEXA        244       1     365     366     369     368     509     510+       
+            513     512
CHEXA        245       1     367     368     371     370     511     512+       
+            515     514
CHEXA        246       1     368     369     372     371     512     513+       
+            516     515
CHEXA        247       1     370     371     374     373     514     515+       
+            518     517
CHEXA        248       1     371     372     375     374     515     516+       
+            519     518
CHEXA        249       1     373     374     377     376     517     518+       
+            521     520
CHEXA        250       1     374     375     378     377     518     519+       
+            522     521
CHEXA        251       1     376     377     380     379     520     521+       
+            524     523
CHEXA        252       1     377     378     381     380     521     522+       
+            525     524
CHEXA        253       1     379     380     383     382     523     524+       
+            527     526
CHEXA        254       1     380     381     384     383     524     525+       
+            528     527
CHEXA        255       1     382     383     386     385     526     527+       
+            530     529
CHEXA        256       1     383     384     387     386     527     528+       
+            531     530
CHEXA        257       1     385     386     389     388     529     530+       
+            533     532
CHEXA        258       1     386     387     390     389     530     531+       
+            534     533
CHEXA        259       1     388     389     392     391     532     533+       
+            536     535
CHEXA        260       1     389     390     393     392     533     534+       
+            537     536
CHEXA        261       1     391     392     395     394     535     536+       
+            539     538
CHEXA        262       1     392     393     396     395     536     537+       
+            540     539
CHEXA        263       1     394     395     398     397     538     539+       
+            542     541
CHEXA        264       1     395     396     399     398     539     540+       
+            543     542
CHEXA        265       1     397     398     401     400     541     542+       
+            545     544
CHEXA        266       1     398     399     402     401     542     543+       
+            546     545
CHEXA        267       1     400     401     404     403     544     545+       
+            548     547
CHEXA        268       1     401     402     405     404     545     546+       
+            549     548
CHEXA        269       1     403     404     407     406     547     548+       
+            551     550
CHEXA        270       1     404     405     408     407     548     549+       
+            552     551
CHEXA        271       1     406     407     410     409     550     551+       
+            554     553
CHEXA        272       1     407     408     411     410     551     552+       
+            555     554
CHEXA        273       1     409     410     413     412     553     554+       
+            557     556
CHEXA        274       1     410     411     414     413     554     555+       
+            558     557
CHEXA        275       1     412     413     416     415     556     557+       
+            560     559
CHEXA        276       1     413     414     417     416     557     558+       
+            561     560
CHEXA        277       1     415     416     419     418     559     560+       
+            563     562
CHEXA        278       1     416     417     420     419     560     561+       
+            564     563
CHEXA        279       1     418     419     422     421     562     563+       
+            566     565
CHEXA        280       1     419     420     423     422     563     564+       
+            567     566
CHEXA        281       1     421     422     425     424     565     566+       
+            569     568
CHEXA        282       1     422     423     426     425     566     567+       
+            570     569
CHEXA        283       1     424     425     428     427     568     569+       
+            572     571
CHEXA        284       1     425     426     429     428     569     570+       
+            573     572
CHEXA        285       1     427     428     431     430     571     572+       
+            575     574
CHEXA        286       1     428     429     432     431     572     573+       
+            576     575
CHEXA        287       1     430     431     290     289     574     575+       
+            434     433
CHEXA        288       1     431     432     291     290     575     576+       
+            435     434
CHEXA        289       1     433     434     437     436     577     578+       
+            581     580
CHEXA        290       1     434     435     438     437     578     579+       
+            582     581
CHEXA        291       1     436     437     440     439     580     581+       
+            584     583
CHEXA        292       1     437     438     441     440     581     582+       
+            585     584
CHEXA        293       1     439     440     443     442     583     584+       
+            587     586
CHEXA        294       1     440     441     444     443     584     585+       
+            588     587
CHEXA        295       1     442     443     446     445     586     587+       
+            590     589
CHEXA        296       1     443     444     447     446     587     588+       
+            591     590
CHEXA        297       1     445     446     449     448     589     590+       
+            593     592
CHEXA        298       1     446     447     450     449     590     591+       
+            594     593
CHEXA        299       1     448     449     452     451     592     593+       
+            596     595
CHEXA        300       1     449     450     453     452     593     594+       
+            597     596
CHEXA        301       1     451     452     455     454     595     596+       
+            599     598
CHEXA        302       1     452     453     456     455     596     597+       
+            600     599
CHEXA        303       1     454     455     458     457     598     599+       
+            602     601
CHEXA        304       1     455     456     459     458     599     600+       
+            603     602
CHEXA        305       1     457     458     461     460     601     602+       
+            605     604
CHEXA        306       1     458     459     462     461     602     603+       
+            606     605
CHEXA        307       1     460     461     464     463     604     605+       
+            608     607
CHEXA        308       1     461     462     465     464     605     606+       
+            609     608
CHEXA        309       1     463     464     467     466     607     608+       
+            611     610
CHEXA        310       1     464     465     468     467     608     609+       
+            612     611
CHEXA        311       1     466     467     470     469     610     611+       
+            614     613
CHEXA        312       1     467     468     471     470     611     612+       
+            615     614
CHEXA        313       1     469     470     473     472     613     614+       
+            617     616
CHEXA        314       1     470     471     474     473     614     615+       
+            618     617
CHEXA        315       1     472     473     476     475     616     617+       
+            620     619
CHEXA        316       1     473     474     477     476     617     618+       
+            621     620
CHEXA        317       1     475     476     479     478     619     620+       
+            623     622
CHEXA        318       1     476     477     480     479     620     621+       
+            624     623
CHEXA        319       1     478     479     482     481     622     623+       
+            626     625
CHEXA        320       1     479     480     483     482     623     624+       
+            627     626
CHEXA        321       1     481     482     485     484     625     626+       
+            629     628
CHEXA        322       1     482     483     486     485     626     627+       
+            630     629
CHEXA        323       1     484     485     488     487     628     629+       
+            632     631
CHEXA        324       1     485     486     489     488     629     630+       
+            633     632
CHEXA        325       1     487     488     491     490     631     632+       
+            635     634
CHEXA        326       1     488     489     492     491     632     633+       
+            636     635
CHEXA        327       1     490     491     494     493     634     635+       
+            638     637
CHEXA        328       1     491     492     495     494     635     636+       
+            639     638
CHEXA        329       1     493     494     497     496     637     638+       
+            641     640
CHEXA        330       1     494     495     498     497     638     639+       
+            642     641
CHEXA        331       1     496     497     500     499     640     641+       
+            644     643
CHEXA        332       1     497     498     501     500     641     642+       
+            645     644
CHEXA        333       1     499     500     503     502     643     644+       
+            647     646
CHEXA        334       1     500     501     504     503     644     645+       
+            648     647
CHEXA        335       1     502     503     506     505     646     647+       
+            650     649
CHEXA        336       1     503     504     507     506     647     648+       
+            651     650
CHEXA        337       1     505     506     509     508     649     650+       
+            653     652
CHEXA        338       1     506     507     510     509     650     651+       
+            654     653
CHEXA        339       1     508     509     512     511     652     653+       
+            656     655
CHEXA        340       1     509     510     513     512     653     654+       
+            657     656
CHEXA        341       1     511     512     515     514     655     656+       
+            659     658
CHEXA        342       1     512     513     516     515     656     657+       
+            660     659
CHEXA        343       1     514     515     518     517     658     659+       
+            662     661
CHEXA        344       1     515     516     519     518     659     660+       
+            663     662
CHEXA        345       1     517     518     521     520     661     662+       
+            665     664
CHEXA        346       1     518     519     522     521     662     663+       
+            666     665
CHEXA        347       1     520     521     524     523     664     665+       
+            668     667
CHEXA        348       1     521     522     525     524     665     666+       
+            669     668
CHEXA        349       1     523     524     527     526     667     668+       
+            671     670
CHEXA        350       1     524     525     528     527     668     669+       
+            672     671
CHEXA        351       1     526     527     530     529     670     671+       
+            674     673
CHEXA        352       1     527     528     531     530     671     672+       
+            675     674
CHEXA        353       1     529     530     533     532     673     674+       
+            677     676
CHEXA        354       1     530     531     534     533     674     675+       
+            678     677
CHEXA        355       1     532     533     536     535     676     677+       
+            680     679
CHEXA        356       1     533     534     537     536     677     678+       
+            681     680
CHEXA        357       1     535     536     539     538     679     680+       
+            683     682
CHEXA        358       1     536     537     540     539     680     681+       
+            684     683
CHEXA        359       1     538     539     542     541     682     683+       
+            686     685
CHEXA        360       1     539     540     543     542     683     684+       
+            687     686
CHEXA        361       1     541     542     545     544     685     686+       
+            689     688
CHEXA        362       1     542     543     546     545     686     687+       
+            690     689
CHEXA        363       1     544     545     548     547     688     689+       
+            692     691
CHEXA        364       1     545     546     549     548     689     690+       
+            693     692
CHEXA        365       1     547     548     551     550     691     692+       
+            695     694
CHEXA        366       1     548     549     552     551     692     693+       
+            696     695
CHEXA        367       1     550     551     554     553     694     695+       
+            698     697
CHEXA        368       1     551     552     555     554     695     696+       
+            699     698
CHEXA        369       1     553     554     557     556     697     698+       
+            701     700
CHEXA        370       1     554     555     558     557     698     699+       
+            702     701
CHEXA        371       1     556     557     560     559     700     701+       
+            704     703
CHEXA        372       1     557     558     561     560     701     702+       
+            705     704
CHEXA        373       1     559     560     563     562     703     704+       
+            707     706
CHEXA        374       1     560     561     564     563     704     705+       
+            708     707
CHEXA        375       1     562     563     566     565     706     707+       
+            710     709
CHEXA        376       1     563     564     567     566     707     708+       
+            711     710
CHEXA        377       1     565     566     569     568     709     710+       
+            713     712
CHEXA        378       1     566     567     570     569     710     711+       
+            714     713
CHEXA        379       1     568     569     572     571     712     713+       
+            716     715
CHEXA        380       1     569     570     573     572     713     714+       
+            717     716
CHEXA        381       1     571     572     575     574     715     716+       
+            719     718
CHEXA        382       1     572     573     576     575     716     717+       
+            720     719
CHEXA        383       1     574     575     434     433     718     719+       
+            578     577
CHEXA        384       1     575     576     435     434     719     720+       
+            579     578
CHEXA        385       1     577     578     581     580     721     722+       
+            725     724
CHEXA        386       1     578     579     582     581     722     723+       
+            726     725
CHEXA        387       1     580     581     584     583     724     725+       
+            728     727
CHEXA        388       1     581     582     585     584     725     726+       
+            729     728
CHEXA        389       1     583     584     587     586     727     728+       
+            731     730
CHEXA        390       1     584     585     588     587     728     729+       
+            732     731
CHEXA        391       1     586     587     590     589     730     731+       
+            734     733
CHEXA        392       1     587     588     591     590     731     732+       
+            735     734
CHEXA        393       1     589     590     593     592     733     734+       
+            737     736
CHEXA        394       1     590     591     594     593     734     735+       
+            738     737
CHEXA        395       1     592     593     596     595     736     737+       
+            740     739
CHEXA        396       1     593     594     597     596     737     738+       
+            741     740
CHEXA        397       1     595     596     599     598     739     740+       
+            743     742
CHEXA        398       1     596     597     600     599     740     741+       
+            744     743
CHEXA        399       1     598     599     602     601     742     743+       
+            746     745
CHEXA        400       1     599     600     603     602     743     744+       
+            747     746
CHEXA        401       1     601     602     605     604     745     746+       
+            749     748
CHEXA        402       1     602     603     606     605     746     747+       
+            750     749
CHEXA        403       1     604     605     608     607     748     749+       
+            752     751
CHEXA        404       1     605     606     609     608     749     750+       
+            753     752
CHEXA        405       1     607     608     611     610     751     752+       
+            755     754
CHEXA        406       1     608     609     612     611     752     753+       
+            756     755
CHEXA        407       1     610     611     614     613     754     755+       
+            758     757
CHEXA        408       1     611     612     615     614     755     756+       
+            759     758
CHEXA        409       1     613     614     617     616     757     758+       
+            761     760
CHEXA        410       1     614     615     618     617     758     759+       
+            762     761
CHEXA        411       1     616     617     620     619     760     761+       
+            764     763
CHEXA        412       1     617     618     621     620     761     762+       
+            765     764
CHEXA        413       1     619     620     623     622     763     764+       
+            767     766
CHEXA        414       1     620     621     624     623     764     765+       
+            768     767
CHEXA        415       1     622     623     626     625     766     767+       
+            770     769
CHEXA        416       1     623     624     627     626     767     768+       
+            771     770
CHEXA        417       1     625     626     629     628     769     770+       
+            773     772
CHEXA        418       1     626     627     630     629     770     771+       
+            774     773
CHEXA        419       1     628     629     632     631     772     773+       
+            776     775
CHEXA        420       1     629     630     633     632     773     774+       
+            777     776
CHEXA        421       1     631     632     635     634     775     776+       
+            779     778
CHEXA        422       1     632     633     636     635     776     777+       
+            780     779
CHEXA        423       1     634     635     638     637     778     779+       
+            782     781
CHEXA        424       1     635     636     639     638     779     780+       
+            783     782
CHEXA        425       1     637     638     641     640     781     782+       
+            785     784
CHEXA        426       1     638     639     642     641     782     783+       
+            786     785
CHEXA        427       1     640     641     644     643     784     785+       
+            788     787
CHEXA        428       1     641     642     645     644     785     786+       
+            789     788
CHEXA        429       1     643     644     647     646     787     788+       
+            791     790
CHEXA        430       1     644     645     648     647     788     789+       
+            792     791
CHEXA        431       1     646     647     650     649     790     791+       
+            794     793
CHEXA        432       1     647     648     651     650     791     792+       
+            795     794
CHEXA        433       1     649     650     653     652     793     794+       
+            797     796
CHEXA        434       1     650     651     654     653     794     795+       
+            798     797
CHEXA        435       1     652     653     656     655     796     797+       
+            800     799
CHEXA        436       1     653     654     657     656     797     798+       
+            801     800
CHEXA        437       1     655     656     659     658     799     800+       
+            803     802
CHEXA        438       1     656     657     660     659     800     801+       
+            804     803
CHEXA        439       1     658     659     662     661     802     803+       
+            806     805
CHEXA        440       1     659     660     663     662     803     804+       
+            807     806
CHEXA        441       1     661     662     665     664     805     806+       
+            809     808
CHEXA        442       1     662     663     666     665     806     807+       
+            810     809
CHEXA        443       1     664     665     668     667     808     809+       
+            812     811
CHEXA        444       1     665     666     669     668     809     810+       
+            813     812
CHEXA        445       1     667     668     671     670     811     812+       
+            815     814
CHEXA        446       1     668     669     672     671     812     813+       
+            816     815
CHEXA        447       1     670     671     674     673     814     815+       
+            818     817
CHEXA        448       1     671     672     675     674     815     816+       
+            819     818
CHEXA        449       1     673     674     677     676     817     818+       
+            821     820
CHEXA        450       1     674     675     678     677     818     819+       
+            822     821
CHEXA        451       1     676     677     680     679     820     821+       
+            824     823
CHEXA        452       1     677     678     681     680     821     822+       
+            825     824
CHEXA        453       1     679     680     683     682     823     824+       
+            827     826
CHEXA        454       1     680     681     684     683     824     825+       
+            828     827
CHEXA        455       1     682     683     686     685     826     827+       
+            830     829
CHEXA        456       1     683     684     687     686     827     828+       
+            831     830
CHEXA        457       1     685     686     689     688     829     830+       
+            833     832
CHEXA        458       1     686     687     690     689     830     831+       
+            834     833
CHEXA        459       1     688     689     692     691     832     833+       
+            836     835
CHEXA        460       1     689     690     693     692     833     834+       
+            837     836
CHEXA        461       1     691     692     695     694     835     836+       
+            839     838
CHEXA        462       1     692     693     696     695     836     837+       
+            840     839
CHEXA        463       1     694     695     698     697     838     839+       
+            842     841
CHEXA        464       1     695     696     699     698     839     840+       
+            843     842
CHEXA        465       1     697     698     701     700     841     842+       
+            845     844
CHEXA        466       1     698     699     702     701     842     843+       
+            846     845
CHEXA        467       1     700     701     704     703     844     845+       
+            848     847
CHEXA        468       1     701     702     705     704     845     846+       
+            849     848
CHEXA        469       1     703     704     707     706     847     848+       
+            851     850
CHEXA        470       1     704     705     708     707     848     849+       
+            852     851
CHEXA        471       1     706     707     710     709     850     851+       
+            854     853
CHEXA        472       1     707     708     711     710     851     852+       
+            855     854
CHEXA        473       1     709     710     713     712     853     854+       
+            857     856
CHEXA        474       1     710     711     714     713     854     855+       
+            858     857
CHEXA        475       1     712     713     716     715     856     857+       
+            860     859
CHEXA        476       1     713     714     717     716     857     858+       
+            861     860
CHEXA        477       1     715     716     719     718     859     860+       
+            863     862
CHEXA        478       1     716     717     720     719     860     861+       
+            864     863
CHEXA        479       1     718     719     578     577     862     863+       
+            722     721
CHEXA        480       1     719     720     579     578     863     864+       
+            723     722
CHEXA        481       1     721     722     725     724     865     866+       
+            869     868
CHEXA        482       1     722     723     726     725     866     867+       
+            870     869
CHEXA        483       1     724     725     728     727     868     869+       
+            872     871
CHEXA        484       1     725     726     729     728     869     870+       
+            873     872
CHEXA        485       1     727     728     731     730     871     872+       
+            875     874
CHEXA        486       1     728     729     732     731     872     873+       
+            876     875
CHEXA        487       1     730     731     734     733     874     875+       
+            878     877
CHEXA        488       1     731     732     735     734     875     876+       
+            879     878
CHEXA        489       1     733     734     737     736     877     878+       
+            881     880
CHEXA        490       1     734     735     738     737     878     879+       
+            882     881
CHEXA        491       1     736     737     740     739     880     881+       
+            884     883
CHEXA        492       1     737     738     741     740     881     882+       
+            885     884
CHEXA        493       1     739     740     743     742     883     884+       
+            887     886
CHEXA        494       1     740     741     744     743     884     885+       
+            888     887
CHEXA        495       1     742     743     746     745     886     887+       
+            890     889
CHEXA        496       1     743     744     747     746     887     888+       
+            891     890
CHEXA        497       1     745     746     749     748     889     890+       
+            893     892
CHEXA        498       1     746     747     750     749     890     891+       
+            894     893
CHEXA        499       1     748     749     752     751     892     893+       
+            896     895
CHEXA        500       1     749     750     753     752     893     894+       
+            897     896
CHEXA        501       1     751     752     755     754     895     896+       
+            899     898
CHEXA        502       1     752     753     756     755     896     897+       
+            900     899
CHEXA        503       1     754     755     758     757     898     899+       
+            902     901
CHEXA        504       1     755     756     759     758     899     900+       
+            903     902
CHEXA        505       1     757     758     761     760     901     902+       
+            905     904
CHEXA        506       1     758     759     762     761     902     903+       
+            906     905
CHEXA        507       1     760     761     764     763     904     905+       
+            908     907
CHEXA        508       1     761     762     765     764     905     906+       
+            909     908
CHEXA        509       1     763     764     767     766     907     908+       
+            911     910
CHEXA        510       1     764     765     768     767     908     909+       
+            912     911
CHEXA        511       1     766     767     770     769     910     911+       
+            914     913
CHEXA        512       1     767     768     771     770     911     912+       
+            915     914
CHEXA        513       1     769     770     773     772     913     914+       
+            917     916
CHEXA        514       1     770     771     774     773     914     915+       
+            918     917
CHEXA        515       1     772     773     776     775     916     917+       
+            920     919
CHEXA        516       1     773     774     777     776     917     918+       
+            921     920
CHEXA        517       1     775     776     779     778     919     920+       
+            923     922
CHEXA        518       1     776     777     780     779     920     921+       
+            924     923
CHEXA        519       1     778     779     782     781     922     923+       
+            926     925
CHEXA        520       1     779     780     783     782     923     924+       
+            927     926
CHEXA        521       1     781     782     785     784     925     926+       
+            929     928
CHEXA        522       1     782     783     786     785     926     927+       
+            930     929
CHEXA        523       1     784     785     788     787     928     929+       
+            932     931
CHEXA        524       1     785     786     789     788     929     930+       
+            933     932
CHEXA        525       1     787     788     791     790     931     932+       
+            935     934
CHEXA        526       1     788     789     792     791     932     933+       
+            936     935
CHEXA        527       1     790     791     794     793     934     935+       
+            938     937
CHEXA        528       1     791     792     795     794     935     936+       
+            939     938
CHEXA        529       1     793     794     797     796     937     938+       
+            941     940
CHEXA        530       1     794     795     798     797     938     939+       
+            942     941
CHEXA        531       1     796     797     800     799     940     941+       
+            944     943
CHEXA        532       1     797     798     801     800     941     942+       
+            945     944
CHEXA        533       1     799     800     803     802     943     944+       
+            947     946
CHEXA        534       1     800     801     804     803     944     945+       
+            948     947
CHEXA        535       1     802     803     806     805     946     947+       
+            950     949
CHEXA        536       1     803     804     807     806     947     948+       
+            951     950
CHEXA        537       1     805     806     809     808     949     950+       
+            953     952
CHEXA        538       1     806     807     810     809     950     951+       
+            954     953
CHEXA        539       1     808     809     812     811     952     953+       
+            956     955
CHEXA        540       1     809     810     813     812     953     954+       
+            957     956
CHEXA        541       1     811     812     815     814     955     956+       
+            959     958
CHEXA        542       1     812     813     816     815     956     957+       
+            960     959
CHEXA        543       1     814     815     818     817     958     959+       
+            962     961
CHEXA        544       1     815     816     819     818     959     960+       
+            963     962
CHEXA        545       1     817     818     821     820     961     962+       
+            965     964
CHEXA        546       1     818     819     822     821     962     963+       
+            966     965
CHEXA        547       1     820     821     824     823     964     965+       
+            968     967
CHEXA        548       1     821     822     825     824     965     966+       
+            969     968
CHEXA        549       1     823     824     827     826     967     968+       
+            971     970
CHEXA        550       1     824     825     828     827     968     969+       
+            972     971
CHEXA        551       1     826     827     830     829     970     971+       
+            974     973
CHEXA        552       1     827     828     831     830     971     972+       
+            975     974
CHEXA        553       1     829     830     833     832     973     974+       
+            977     976
CHEXA        554       1     830     831     834     833     974     975+       
+            978     977
CHEXA        555       1     832     833     836     835     976     977+       
+            980     979
CHEXA        556       1     833     834     837     836     977     978+       
+            981     980
CHEXA        557       1     835     836     839     838     979     980+       
+            983     982
CHEXA        558       1     836     837     840     839     980     981+       
+            984     983
CHEXA        559       1     838     839     842     841     982     983+       
+            986     985
CHEXA        560       1     839     840     843     842     983     984+       
+            987     986
CHEXA        561       1     841     842     845     844     985     986+       
+            989     988
CHEXA        562       1     842     843     846     845     986     987+       
+            990     989
CHEXA        563       1     844     845     848     847     988     989+       
+            992     991
CHEXA        564       1     845     846     849     848     989     990+       
+            993     992
CHEXA        565       1     847     848     851     850     991     992+       
+            995     994
CHEXA        566       1     848     849     852     851     992     993+       
+            996     995
CHEXA        567       1     850     851     854     853     994     995+       
+            998     997
CHEXA        568       1     851     852     855     854     995     996+       
+            999     998
CHEXA        569       1     853     854     857     856     997     998+       
+           1001    1000
CHEXA        570       1     854     855     858     857     998     999+       
+           1002    1001
CHEXA        571       1     856     857     860     859    1000    1001+       
+           1004    1003
CHEXA        572       1     857     858     861     860    1001    1002+       
+           1005    1004
CHEXA        573       1     859     860     863     862    1003    1004+       
+           1007    1006
CHEXA        574       1     860     861     864     863    1004    1005+       
+           1008    1007
CHEXA        575       1     862     863     722     721    1006    1007+       
+            866     865
CHEXA        576       1     863     864     723     722    1007    1008+       
+            867     866
CHEXA        577       1     865     866     869     868    1009    1010+       
+           1013    1012
CHEXA        578       1     866     867     870     869    1010    1011+       
+           1014    1013
CHEXA        579       1     868     869     872     871    1012    1013+       
+           1016    1015
CHEXA        580       1     869     870     873     872    1013    1014+       
+           1017    1016
CHEXA        581       1     871     872     875     874    1015    1016+       
+           1019    1018
CHEXA        582       1     872     873     876     875    1016    1017+       
+           1020    1019
CHEXA        583       1     874     875     878     877    1018    1019+       
+           1022    1021
CHEXA        584       1     875     876     879     878    1019    1020+       
+           1023    1022
CHEXA        585       1     877     878     881     880    1021    1022+       
+           1025    1024
CHEXA        586       1     878     879     882     881    1022    1023+       
+           1026    1025
CHEXA        587       1     880     881     884     883    1024    1025+       
+           1028    1027
CHEXA        588       1     881     882     885     884    1025    1026+       
+           1029    1028
CHEXA        589       1     883     884     887     886    1027    1028+       
+           1031    1030
CHEXA        590       1     884     885     888     887    1028    1029+       
+           1032    1031
CHEXA        591       1     886     887     890     889    1030    1031+       
+           1034    1033
CHEXA        592       1     887     888     891     890    1031    1032+       
+           1035    1034
CHEXA        593       1     889     890     893     892    1033    1034+       
+           1037    1036
CHEXA        594       1     890     891     894     893    1034    1035+       
+           1038    1037
CHEXA        595       1     892     893     896     895    1036    1037+       
+           1040    1039
CHEXA        596       1     893     894     897     896    1037    1038+       
+           1041    1040
CHEXA        597       1     895     896     899     898    1039    1040+       
+           1043    1042
CHEXA        598       1     896     897     900     899    1040    1041+       
+           1044    1043
CHEXA        599       1     898     899     902     901    1042    1043+       
+           1046    1045
CHEXA        600       1     899     900     903     902    1043    1044+       
+           1047    1046
CHEXA        601       1     901     902     905     904    1045    1046+       
+           1049    1048
CHEXA        602       1     902     903     906     905    1046    1047+       
+           1050    1049
CHEXA        603       1     904     905     908     907    1048    1049+       
+           1052    1051
CHEXA        604       1     905     906     909     908    1049    1050+       
+           1053    1052
CHEXA        605       1     907     908     911     910    1051    1052+       
+           1055    1054
CHEXA        606       1     908     909     912     911    1052    1053+       
+           1056    1055
CHEXA        607       1     910     911     914     913    1054    1055+       
+           1058    1057
CHEXA        608       1     911     912     915     914    1055    1056+       
+           1059    1058
CHEXA        609       1     913     914     917     916    1057    1058+       
+           1061    1060
CHEXA        610       1     914     915     918     917    1058    1059+       
+           1062    1061
CHEXA        611       1     916     917     920     919    1060    1061+       
+           1064    1063
CHEXA        612       1     917     918     921     920    1061    1062+       
+           1065    1064
CHEXA        613       1     919     920     923     922    1063    1064+       
+           1067    1066
CHEXA        614       1     920     921     924     923    1064    1065+       
+           1068    1067
CHEXA        615       1     922     923     926     925    1066    1067+       
+           1070    1069
CHEXA        616       1     923     924     927     926    1067    1068+       
+           1071    1070
CHEXA        617       1     925     926     929     928    1069    1070+       
+           1073    1072
CHEXA        618       1     926     927     930     929    1070    1071+       
+           1074    1073
CHEXA        619       1     928     929     932     931    1072    1073+       
+           1076    1075
CHEXA        620       1     929     930     933     932    1073    1074+       
+           1077    1076
CHEXA        621       1     931     932     935     934    1075    1076+       
+           1079    1078
CHEXA        622       1     932     933     936     935    1076    1077+       
+           1080    1079
CHEXA        623       1     934     935     938     937    1078    1079+       
+           1082    1081
CHEXA        624       1     935     936     939     938    1079    1080+       
+           1083    1082
CHEXA        625       1     937     938     941     940    1081    1082+       
+           1085    1084
CHEXA        626       1     938     939     942     941    1082    1083+       
+           1086    1085
CHEXA        627       1     940     941     944     943    1084    1085+       
+           1088    1087
CHEXA        628       1     941     942     945     944    1085    1086+       
+           1089    1088
CHEXA        629       1     943     944     947     946    1087    1088+       
+           1091    1090
CHEXA        630       1     944     945     948     947    1088    1089+       
+           1092    1091
CHEXA        631       1     946     947     950     949    1090    1091+       
+           1094    1093
CHEXA        632       1     947     948     951     950    1091    1092+       
+           1095    1094
CHEXA        633       1     949     950     953     952    1093    1094+       
+           1097    1096
CHEXA        634       1     950     951     954     953    1094    1095+       
+           1098    1097
CHEXA        635       1     952     953     956     955    1096    1097+       
+           1100    1099
CHEXA        636       1     953     954     957     956    1097    1098+       
+           1101    1100
CHEXA        637       1     955     956     959     958    1099    1100+       
+           1103    1102
CHEXA        638       1     956     957     960     959    1100    1101+       
+           1104    1103
CHEXA        639       1     958     959     962     961    1102    1103+       
+           1106    1105
CHEXA        640       1     959     960     963     962    1103    1104+       
+           1107    1106
CHEXA        641       1     961     962     965     964    1105    1106+       
+           1109    1108
CHEXA        642       1     962     963     966     965    1106    1107+       
+           1110    1109
CHEXA        643       1     964     965     968     967    1108    1109+       
+           1112    1111
CHEXA        644       1     965     966     969     968    1109    1110+       
+           1113    1112
CHEXA        645       1     967     968     971     970    1111    1112+       
+           1115    1114
CHEXA        646       1     968     969     972     971    1112    1113+       
+           1116    1115
CHEXA        647       1     970     971     974     973    1114    1115+       
+           1118    1117
CHEXA        648       1     971     972     975     974    1115    1116+       
+           1119    1118
CHEXA        649       1     973     974     977     976    1117    1118+       
+           1121    1120
CHEXA        650       1     974     975     978     977    1118    1119+       
+           1122    1121
CHEXA        651       1     976     977     980     979    1120    1121+       
+           1124    1123
CHEXA        652       1     977     978     981     980    1121    1122+       
+           1125    1124
CHEXA        653       1     979     980     983     982    1123    1124+       
+           1127    1126
CHEXA        654       1     980     981     984     983    1124    1125+       
+           1128    1127
CHEXA        655       1     982     983     986     985    1126    1127+       
+           1130    1129
CHEXA        656       1     983     984     987     986    1127    1128+       
+           1131    1130
CHEXA        657       1     985     986     989     988    1129    1130+       
+           1133    1132
CHEXA        658       1     986     987     990     989    1130    1131+       
+           1134    1133
CHEXA        659       1     988     989     992     991    1132    1133+       
+           1136    1135
CHEXA        660       1     989     990     993     992    1133    1134+       
+           1137    1136
CHEXA        661       1     991     992     995     994    1135    1136+       
+           1139    1138
CHEXA        662       1     992     993     996     995    1136    1137+       
+           1140    1139
CHEXA        663       1     994     995     998     997    1138    1139+       
+           1142    1141
CHEXA        664       1     995     996     999     998    1139    1140+       
+           1143    1142
CHEXA        665       1     997     998    1001    1000    1141    1142+       
+           1145    1144
CHEXA        666       1     998     999    1002    1001    1142    1143+       
+           1146    1145
CHEXA        667       1    1000    1001    1004    1003    1144    1145+       
+           1148    1147
CHEXA        668       1    1001    1002    1005    1004    1145    1146+       
+           1149    1148
CHEXA        669       1    1003    1004    1007    1006    1147    1148+       
+           1151    1150
CHEXA        670       1    1004    1005    1008    1007    1148    1149+       
+           1152    1151
CHEXA        671       1    1006    1007     866     865    1150    1151+       
+           1010    1009
CHEXA        672       1    1007    1008     867     866    1151    1152+       
+           1011    1010
CHEXA        673       1    1009    1010    1013    1012    1153    1154+       
+           1157    1156
CHEXA        674       1    1010    1011    1014    1013    1154    1155+       
+           1158    1157
CHEXA        675       1    1012    1013    1016    1015    1156    1157+       
+           1160    1159
CHEXA        676       1    1013    1014    1017    1016    1157    1158+       
+           1161    1160
CHEXA        677       1    1015    1016    1019    1018    1159    1160+       
+           1163    1162
CHEXA        678       1    1016    1017    1020    1019    1160    1161+       
+           1164    1163
CHEXA        679       1    1018    1019    1022    1021    1162    1163+       
+           1166    1165
CHEXA        680       1    1019    1020    1023    1022    1163    1164+       
+           1167    1166
CHEXA        681       1    1021    1022    1025    1024    1165    1166+       
+           1169    1168
CHEXA        682       1    1022    1023    1026    1025    1166    1167+       
+           1170    1169
CHEXA        683       1    1024    1025    1028    1027    1168    1169+       
+           1172    1171
CHEXA        684       1    1025    1026    1029    1028    1169    1170+       
+           1173    1172
CHEXA        685       1    1027    1028    1031    1030    1171    1172+       
+           1175    1174
CHEXA        686       1    1028    1029    1032    1031    1172    1173+       
+           1176    1175
CHEXA        687       1    1030    1031    1034    1033    1174    1175+       
+           1178    1177
CHEXA        688       1    1031    1032    1035    1034    1175    1176+       
+           1179    1178
CHEXA        689       1    1033    1034    1037    1036    1177    1178+       
+           1181    1180
CHEXA        690       1    1034    1035    1038    1037    1178    1179+       
+           1182    1181
CHEXA        691       1    1036    1037    1040    1039    1180    1181+       
+           1184    1183
CHEXA        692       1    1037    1038    1041    1040    1181    1182+       
+           1185    1184
CHEXA        693       1    1039    1040    1043    1042    1183    1184+       
+           1187    1186
CHEXA        694       1    1040    1041    1044    1043    1184    1185+       
+           1188    1187
CHEXA        695       1    1042    1043    1046    1045    1186    1187+       
+           1190    1189
CHEXA        696       1    1043    1044    1047    1046    1187    1188+       
+           1191    1190
CHEXA        697       1    1045    1046    1049    1048    1189    1190+       
+           1193    1192
CHEXA        698       1    1046    1047    1050    1049    1190    1191+       
+           1194    1193
CHEXA        699       1    1048    1049    1052    1051    1192    1193+       
+           1196    1195
CHEXA        700       1    1049    1050    1053    1052    1193    1194+       
+           1197    1196
CHEXA        701       1    1051    1052    1055    1054    1195    1196+       
+           1199    1198
CHEXA        702       1    1052    1053    1056    1055    1196    1197+       
+           1200    1199
CHEXA        703       1    1054    1055    1058    1057    1198    1199+       
+           1202    1201
CHEXA        704       1    1055    1056    1059    1058    1199    1200+       
+           1203    1202
CHEXA        705       1    1057    1058    1061    1060    1201    1202+       
+           1205    1204
CHEXA        706       1    1058    1059    1062    1061    1202    1203+       
+           1206    1205
CHEXA        707       1    1060    1061    1064    1063    1204    1205+       
+           1208    1207
CHEXA        708       1    1061    1062    1065    1064    1205    1206+       
+           1209    1208
CHEXA        709       1    1063    1064    1067    1066    1207    1208+       
+           1211    1210
CHEXA        710       1    1064    1065    1068    1067    1208    1209+       
+           1212    1211
CHEXA        711       1    1066    1067    1070    1069    1210    1211+       
+           1214    1213
CHEXA        712       1    1067    1068    1071    1070    1211    1212+       
+           1215    1214
CHEXA        713       1    1069    1070    1073    1072    1213    1214+       
+           1217    1216
CHEXA        714       1    1070    1071    1074    1073    1214    1215+       
+           1218    1217
CHEXA        715       1    1072    1073    1076    1075    1216    1217+       
+           1220    1219
CHEXA        716       1    1073    1074    1077    1076    1217    1218+       
+           1221    1220
CHEXA        717       1    1075    1076    1079    1078    1219    1220+       
+           1223    1222
CHEXA        718       1    1076    1077    1080    1079    1220    1221+       
+           1224    1223
CHEXA        719       1    1078    1079    1082    1081    1222    1223+       
+           1226    1225
CHEXA        720       1    1079    1080    1083    1082    1223    1224+       
+           1227    1226
CHEXA        721       1    1081    1082    1085    1084    1225    1226+       
+           1229    1228
CHEXA        722       1    1082    1083    1086    1085    1226    1227+       
+           1230    1229
CHEXA        723       1    1084    1085    1088    1087    1228    1229+       
+           1232    1231
CHEXA        724       1    1085    1086    1089    1088    1229    1230+       
+           1233    1232
CHEXA        725       1    1087    1088    1091    1090    1231    1232+       
+           1235    1234
CHEXA        726       1    1088    1089    1092    1091    1232    1233+       
+           1236    1235
CHEXA        727       1    1090    1091    1094    1093    1234    1235+       
+           1238    1237
CHEXA        728       1    1091    1092    1095    1094    1235    1236+       
+           1239    1238
CHEXA        729       1    1093    1094    1097    1096    1237    1238+       
+           1241    1240
CHEXA        730       1    1094    1095    1098    1097    1238    1239+       
+           1242    1241
CHEXA        731       1    1096    1097    1100    1099    1240    1241+       
+           1244    1243
CHEXA        732       1    1097    1098    1101    1100    1241    1242+       
+           1245    1244
CHEXA        733       1    1099    1100    1103    1102    1243    1244+       
+           1247    1246
CHEXA        734       1    1100    1101    1104    1103    1244    1245+       
+           1248    1247
CHEXA        735       1    1102    1103    1106    1105    1246    1247+       
+           1250    1249
CHEXA        736       1    1103    1104    1107    1106    1247    1248+       
+           1251    1250
CHEXA        737       1    1105    1106    1109    1108    1249    1250+       
+           1253    1252
CHEXA        738       1    1106    1107    1110    1109    1250    1251+       
+           1254    1253
CHEXA        739       1    1108    1109    1112    1111    1252    1253+       
+           1256    1255
CHEXA        740       1    1109    1110    1113    1112    1253    1254+       
+           1257    1256
CHEXA        741       1    1111    1112    1115    1114    1255    1256+       
+           1259    1258
CHEXA        742       1    1112    1113    1116    1115    1256    1257+       
+           1260    1259
CHEXA        743       1    1114    1115    1118    1117    1258    1259+       
+           1262    1261
CHEXA        744       1    1115    1116    1119    1118    1259    1260+       
+           1263    1262
CHEXA        745       1    1117    1118    1121    1120    1261    1262+       
+           1265    1264
CHEXA        746       1    1118    1119    1122    1121    1262    1263+       
+           1266    1265
CHEXA        747       1    1120    1121    1124    1123    1264    1265+       
+           1268    1267
CHEXA        748       1    1121    1122    1125    1124    1265    1266+       
+           1269    1268
CHEXA        749       1    1123    1124    1127    1126    1267    1268+       
+           1271    1270
CHEXA        750       1    1124    1125    1128    1127    1268    1269+       
+           1272    1271
CHEXA        751       1    1126    1127    1130    1129    1270    1271+       
+           1274    1273
CHEXA        752       1    1127    1128    1131    1130    1271    1272+       
+           1275    1274
CHEXA        753       1    1129    1130    1133    1132    1273    1274+       
+           1277    1276
CHEXA        754       1    1130    1131    1134    1133    1274    1275+       
+           1278    1277
CHEXA        755       1    1132    1133    1136    1135    1276    1277+       
+           1280    1279
CHEXA        756       1    1133    1134    1137    1136    1277    1278+       
+           1281    1280
CHEXA        757       1    1135    1136    1139    1138    1279    1280+       
+           1283    1282
CHEXA        758       1    1136    1137    1140    1139    1280    1281+       
+           1284    1283
CHEXA        759       1    1138    1139    1142    1141    1282    1283+       
+           1286    1285
CHEXA        760       1    1139    1140    1143    1142    1283    1284+       
+           1287    1286
CHEXA        761       1    1141    1142    1145    1144    1285    1286+       
+           1289    1288
CHEXA        762       1    1142    1143    1146    1145    1286    1287+       
+           1290    1289
CHEXA        763       1    1144    1145    1148    1147    1288    1289+       
+           1292    1291
CHEXA        764       1    1145    1146    1149    1148    1289    1290+       
+           1293    1292
CHEXA        765       1    1147    1148    1151    1150    1291    1292+       
+           1295    1294
CHEXA        766       1    1148    1149    1152    1151    1292    1293+       
+           1296    1295
CHEXA        767       1    1150    1151    1010    1009    1294    1295+       
+           1154    1153
CHEXA        768       1    1151    1152    1011    1010    1295    1296+       
+           1155    1154
CHEXA        769       1    1153    1154    1157    1156    1297    1298+       
+           1301    1300
CHEXA        770       1    1154    1155    1158    1157    1298    1299+       
+           1302    1301
CHEXA        771       1    1156    1157    1160    1159    1300    1301+       
+           1304    1303
CHEXA        772       1    1157    1158    1161    1160    1301    1302+       
+           1305    1304
CHEXA        773       1    1159    1160    1163    1162    1303    1304+       
+           1307    1306
CHEXA        774       1    1160    1161    1164    1163    1304    1305+       
+           1308    1307
CHEXA        775       1    1162    1163    1166    1165    1306    1307+       
+           1310    1309
CHEXA        776       1    1163    1164    1167    1166    1307    1308+       
+           1311    1310
CHEXA        777       1    1165    1166    1169    1168    1309    1310+       
+           1313    1312
CHEXA        778       1    1166    1167    1170    1169    1310    1311+       
+           1314    1313
CHEXA        779       1    1168    1169    1172    1171    1312    1313+       
+           1316    1315
CHEXA        780       1    1169    1170    1173    1172    1313    1314+       
+           1317    1316
CHEXA        781       1    1171    1172    1175    1174    1315    1316+       
+           1319    1318
CHEXA        782       1    1172    1173    1176    1175    1316    1317+       
+           1320    1319
CHEXA        783       1    1174    1175    1178    1177    1318    1319+       
+           1322    1321
CHEXA        784       1    1175    1176    1179    1178    1319    1320+       
+           1323    1322
CHEXA        785       1    1177    1178    1181    1180    1321    1322+       
+           1325    1324
CHEXA        786       1    1178    1179    1182    1181    1322    1323+       
+           1326    1325
CHEXA        787       1    1180    1181    1184    1183    1324    1325+       
+           1328    1327
CHEXA        788       1    1181    1182    1185    1184    1325    1326+       
+           1329    1328
CHEXA        789       1    1183    1184    1187    1186    1327    1328+       
+           1331    1330
CHEXA        790       1    1184    1185    1188    1187    1328    1329+       
+           1332    1331
CHEXA        791       1    1186    1187    1190    1189    1330    1331+       
+           1334    1333
CHEXA        792       1    1187    1188    1191    1190    1331    1332+       
+           1335    1334
CHEXA        793       1    1189    1190    1193    1192    1333    1334+       
+           1337    1336
CHEXA        794       1    1190    1191    1194    1193    1334    1335+       
+           1338    1337
CHEXA        795       1    1192    1193    1196    1195    1336    1337+       
+           1340    1339
CHEXA        796       1    1193    1194    1197    1196    1337    1338+       
+           1341    1340
CHEXA        797       1    1195    1196    1199    1198    1339    1340+       
+           1343    1342
CHEXA        798       1    1196    1197    1200    1199    1340    1341+       
+           1344    1343
CHEXA        799       1    1198    1199    1202    1201    1342    1343+       
+           1346    1345
CHEXA        800       1    1199    1200    1203    1202    1343    1344+       
+           1347    1346
CHEXA        801       1    1201    1202    1205    1204    1345    1346+       
+           1349    1348
CHEXA        802       1    1202    1203    1206    1205    1346    1347+       
+           1350    1349
CHEXA        803       1    1204    1205    1208    1207    1348    1349+       
+           1352    1351
CHEXA        804       1    1205    1206    1209    1208    1349    1350+       
+           1353    1352
CHEXA        805       1    1207    1208    1211    1210    1351    1352+       
+           1355    1354
CHEXA        806       1    1208    1209    1212    1211    1352    1353+       
+           1356    1355
CHEXA        807       1    1210    1211    1214    1213    1354    1355+       
+           1358    1357
CHEXA        808       1    1211    1212    1215    1214    1355    1356+       
+           1359    1358
CHEXA        809       1    1213    1214    1217    1216    1357    1358+       
+           1361    1360
CHEXA        810       1    1214    1215    1218    1217    1358    1359+       
+           1362    1361
CHEXA        811       1    1216    1217    1220    1219    1360    1361+       
+           1364    1363
CHEXA        812       1    1217    1218    1221    1220    1361    1362+       
+           1365    1364
CHEXA        813       1    1219    1220    1223    1222    1363    1364+       
+           1367    1366
CHEXA        814       1    1220    1221    1224    1223    1364    1365+       
+           1368    1367
CHEXA        815       1    1222    1223    1226    1225    1366    1367+       
+           1370    1369
CHEXA        816       1    1223    1224    1227    1226    1367    1368+       
+           1371    1370
CHEXA        817       1    1225    1226    1229    1228    1369    1370+       
+           1373    1372
CHEXA        818       1    1226    1227    1230    1229    1370    1371+       
+           1374    1373
CHEXA        819       1    1228    1229    1232    1231    1372    1373+       
+           1376    1375
CHEXA        820       1    1229    1230    1233    1232    1373    1374+       
+           1377    1376
CHEXA        821       1    1231    1232    1235    1234    1375    1376+       
+           1379    1378
CHEXA        822       1    1232    1233    1236    1235    1376    1377+       
+           1380    1379
CHEXA        823       1    1234    1235    1238    1237    1378    1379+       
+           1382    1381
CHEXA        824       1    1235    1236    1239    1238    1379    1380+       
+           1383    1382
CHEXA        825       1    1237    1238    1241    1240    1381    1382+       
+           1385    1384
CHEXA        826       1    1238    1239    1242    1241    1382    1383+       
+           1386    1385
CHEXA        827       1    1240    1241    1244    1243    1384    1385+       
+           1388    1387
CHEXA        828       1    1241    1242    1245    1244    1385    1386+       
+           1389    1388
CHEXA        829       1    1243    1244    1247    1246    1387    1388+       
+           1391    1390
CHEXA        830       1    1244    1245    1248    1247    1388    1389+       
+           1392    1391
CHEXA        831       1    1246    1247    1250    1249    1390    1391+       
+           1394    1393
CHEXA        832       1    1247    1248    1251    1250    1391    1392+       
+           1395    1394
CHEXA        833       1    1249    1250    1253    1252    1393    1394+       
+           1397    1396
CHEXA        834       1    1250    1251    1254    1253    1394    1395+       
+           1398    1397
CHEXA        835       1    1252    1253    1256    1255    1396    1397+       
+           1400    1399
CHEXA        836       1    1253    1254    1257    1256    1397    1398+       
+           1401    1400
CHEXA        837       1    1255    1256    1259    1258    1399    1400+       
+           1403    1402
CHEXA        838       1    1256    1257    1260    1259    1400    1401+       
+           1404    1403
CHEXA        839       1    1258    1259    1262    1261    1402    1403+       
+           1406    1405
CHEXA        840       1    1259    1260    1263    1262    1403    1404+       
+           1407    1406
CHEXA        841       1    1261    1262    1265    1264    1405    1406+       
+           1409    1408
CHEXA        842       1    1262    1263    1266    1265    1406    1407+       
+           1410    1409
CHEXA        843       1    1264    1265    1268    1267    1408    1409+       
+           1412    1411
CHEXA        844       1    1265    1266    1269    1268    1409    1410+       
+           1413    1412
CHEXA        845       1    1267    1268    1271    1270    1411    1412+       
+           1415    1414
CHEXA        846       1    1268    1269    1272    1271    1412    1413+       
+           1416    1415
CHEXA        847       1    1270    1271    1274    1273    1414    1415+       
+           1418    1417
CHEXA        848       1    1271    1272    1275    1274    1415    1416+       
+           1419    1418
CHEXA        849       1    1273    1274    1277    1276    1417    1418+       
+           1421    1420
CHEXA        850       1    1274    1275    1278    1277    1418    1419+       
+           1422    1421
CHEXA        851       1    1276    1277    1280    1279    1420    1421+       
+           1424    1423
CHEXA        852       1    1277    1278    1281    1280    1421    1422+       
+           1425    1424
CHEXA        853       1    1279    1280    1283    1282    1423    1424+       
+           1427    1426
CHEXA        854       1    1280    1281    1284    1283    1424    1425+       
+           1428    1427
CHEXA        855       1    1282    1283    1286    1285    1426    1427+       
+           1430    1429
CHEXA        856       1    1283    1284    1287    1286    1427    1428+       
+           1431    1430
CHEXA        857       1    1285    1286    1289    1288    1429    1430+       
+           1433    1432
CHEXA        858       1    1286    1287    1290    1289    1430    1431+       
+           1434    1433
CHEXA        859       1    1288    1289    1292    1291    1432    1433+       
+           1436    1435
CHEXA        860       1    1289    1290    1293    1292    1433    1434+       
+           1437    1436
CHEXA        861       1    1291    1292    1295    1294    1435    1436+       
+           1439    1438
CHEXA        862       1    1292    1293    1296    1295    1436    1437+       
+           1440    1439
CHEXA        863       1    1294    1295    1154    1153    1438    1439+       
+           1298    1297
CHEXA        864       1    1295    1296    1155    1154    1439    1440+       
+           1299    1298
CHEXA        865       1    1297    1298    1301    1300    1441    1442+       
+           1445    1444
CHEXA        866       1    1298    1299    1302    1301    1442    1443+       
+           1446    1445
CHEXA        867       1    1300    1301    1304    1303    1444    1445+       
+           1448    1447
CHEXA        868       1    1301    1302    1305    1304    1445    1446+       
+           1449    1448
CHEXA        869       1    1303    1304    1307    1306    1447    1448+       
+           1451    1450
CHEXA        870       1    1304    1305    1308    1307    1448    1449+       
+           1452    1451
CHEXA        871       1    1306    1307    1310    1309    1450    1451+       
+           1454    1453
CHEXA        872       1    1307    1308    1311    1310    1451    1452+       
+           1455    1454
CHEXA        873       1    1309    1310    1313    1312    1453    1454+       
+           1457    1456
CHEXA        874       1    1310    1311    1314    1313    1454    1455+       
+           1458    1457
CHEXA        875       1    1312    1313    1316    1315    1456    1457+       
+           1460    1459
CHEXA        876       1    1313    1314    1317    1316    1457    1458+       
+           1461    1460
CHEXA        877       1    1315    1316    1319    1318    1459    1460+       
+           1463    1462
CHEXA        878       1    1316    1317    1320    1319    1460    1461+       
+           1464    1463
CHEXA        879       1    1318    1319    1322    1321    1462    1463+       
+           1466    1465
CHEXA        880       1    1319    1320    1323    1322    1463    1464+       
+           1467    1466
CHEXA        881       1    1321    1322    1325    1324    1465    1466+       
+           1469    1468
CHEXA        882       1    1322    1323    1326    1325    1466    1467+       
+           1470    1469
CHEXA        883       1    1324    1325    1328    1327    1468    1469+       
+           1472    1471
CHEXA        884       1    1325    1326    1329    1328    1469    1470+       
+           1473    1472
CHEXA        885       1    1327    1328    1331    1330    1471    1472+       
+           1475    1474
CHEXA        886       1    1328    1329    1332    1331    1472    1473+       
+           1476    1475
CHEXA        887       1    1330    1331    1334    1333    1474    1475+       
+           1478    1477
CHEXA        888       1    1331    1332    1335    1334    1475    1476+       
+           1479    1478
CHEXA        889       1    1333    1334    1337    1336    1477    1478+       
+           1481    1480
CHEXA        890       1    1334    1335    1338    1337    1478    1479+       
+           1482    1481
CHEXA        891       1    1336    1337    1340    1339    1480    1481+       
+           1484    1483
CHEXA        892       1    1337    1338    1341    1340    1481    1482+       
+           1485    1484
CHEXA        893       1    1339    1340    1343    1342    1483    1484+       
+           1487    1486
CHEXA        894       1    1340    1341    1344    1343    1484    1485+       
+           1488    1487
CHEXA        895       1    1342    1343    1346    1345    1486    1487+       
+           1490    1489
CHEXA        896       1    1343    1344    1347    1346    1487    1488+       
+           1491    1490
CHEXA        897       1    1345    1346    1349    1348    1489    1490+       
+           1493    1492
CHEXA        898       1    1346    1347    1350    1349    1490    1491+       
+           1494    1493
CHEXA        899       1    1348    1349    1352    1351    1492    1493+       
+           1496    1495
CHEXA        900       1    1349    1350    1353    1352    1493    1494+       
+           1497    1496
CHEXA        901       1    1351    1352    1355    1354    1495    1496+       
+           1499    1498
CHEXA        902       1    1352    1353    1356    1355    1496    1497+       
+           1500    1499
CHEXA        903       1    1354    1355    1358    1357    1498    1499+       
+           1502    1501
CHEXA        904       1    1355    1356    1359    1358    1499    1500+       
+           1503    1502
CHEXA        905       1    1357    1358    1361    1360    1501    1502+       
+           1505    1504
CHEXA        906       1    1358    1359    1362    1361    1502    1503+       
+           1506    1505
CHEXA        907       1    1360    1361    1364    1363    1504    1505+       
+           1508    1507
CHEXA        908       1    1361    1362    1365    1364    1505    1506+       
+           1509    1508
CHEXA        909       1    1363    1364    1367    1366    1507    1508+       
+           1511    1510
CHEXA        910       1    1364    1365    1368    1367    1508    1509+       
+           1512    1511
CHEXA        911       1    1366    1367    1370    1369    1510    1511+       
+           1514    1513
CHEXA        912       1    1367    1368    1371    1370    1511    1512+       
+           1515    1514
CHEXA        913       1    1369    1370    1373    1372    1513    1514+       
+           1517    1516
CHEXA        914       1    1370    1371    1374    1373    1514    1515+       
+           1518    1517
CHEXA        915       1    1372    1373    1376    1375    1516    1517+       
+           1520    1519
CHEXA        916       1    1373    1374    1377    1376    1517    1518+       
+           1521    1520
CHEXA        917       1    1375    1376    1379    1378    1519    1520+       
+           1523    1522
CHEXA        918       1    1376    1377    1380    1379    1520    1521+       
+           1524    1523
CHEXA        919       1    1378    1379    1382    1381    1522    1523+       
+           1526    1525
CHEXA        920       1    1379    1380    1383    1382    1523    1524+       
+           1527    1526
CHEXA        921       1    1381    1382    1385    1384    1525    1526+       
+           1529    1528
CHEXA        922       1    1382    1383    1386    1385    1526    1527+       
+           1530    1529
CHEXA        923       1    1384    1385    1388    1387    1528    1529+       
+           1532    1531
CHEXA        924       1    1385    1386    1389    1388    1529    1530+       
+           1533    1532
CHEXA        925       1    1387    1388    1391    1390    1531    1532+       
+           1535    1534
CHEXA        926       1    1388    1389    1392    1391    1532    1533+       
+           1536    1535
CHEXA        927       1    1390    1391    1394    1393    1534    1535+       
+           1538    1537
CHEXA        928       1    1391    1392    1395    1394    1535    1536+       
+           1539    1538
CHEXA        929       1    1393    1394    1397    1396    1537    1538+       
+           1541    1540
CHEXA        930       1    1394    1395    1398    1397    1538    1539+       
+           1542    1541
CHEXA        931       1    1396    1397    1400    1399    1540    1541+       
+           1544    1543
CHEXA        932       1    1397    1398    1401    1400    1541    1542+       
+           1545    1544
CHEXA        933       1    1399    1400    1403    1402    1543    1544+       
+           1547    1546
CHEXA        934       1    1400    1401    1404    1403    1544    1545+       
+           1548    1547
CHEXA        935       1    1402    1403    1406    1405    1546    1547+       
+           1550    1549
CHEXA        936       1    1403    1404    1407    1406    1547    1548+       
+           1551    1550
CHEXA        937       1    1405    1406    1409    1408    1549    1550+       
+           1553    1552
CHEXA        938       1    1406    1407    1410    1409    1550    1551+       
+           1554    1553
CHEXA        939       1    1408    1409    1412    1411    1552    1553+       
+           1556    1555
CHEXA        940       1    1409    1410    1413    1412    1553    1554+       
+           1557    1556
CHEXA        941       1    1411    1412    1415    1414    1555    1556+       
+           1559    1558
CHEXA        942       1    1412    1413    1416    1415    1556    1557+       
+           1560    1559
CHEXA        943       1    1414    1415    1418    1417    1558    1559+       
+           1562    1561
CHEXA        944       1    1415    1416    1419    1418    1559    1560+       
+           1563    1562
CHEXA        945       1    1417    1418    1421    1420    1561    1562+       
+           1565    1564
CHEXA        946       1    1418    1419    1422    1421    1562    1563+       
+           1566    1565
CHEXA        947       1    1420    1421    1424    1423    1564    1565+       
+           1568    1567
CHEXA        948       1    1421    1422    1425    1424    1565    1566+       
+           1569    1568
CHEXA        949       1    1423    1424    1427    1426    1567    1568+       
+           1571    1570
CHEXA        950       1    1424    1425    1428    1427    1568    1569+       
+           1572    1571
CHEXA        951       1    1426    1427    1430    1429    1570    1571+       
+           1574    1573
CHEXA        952       1    1427    1428    1431    1430    1571    1572+       
+           1575    1574
CHEXA        953       1    1429    1430    1433    1432    1573    1574+       
+           1577    1576
CHEXA        954       1    1430    1431    1434    1433    1574    1575+       
+           1578    1577
CHEXA        955       1    1432    1433    1436    1435    1576    1577+       
+           1580    1579
CHEXA        956       1    1433    1434    1437    1436    1577    1578+       
+           1581    1580
CHEXA        957       1    1435    1436    1439    1438    1579    1580+       
+           1583    1582
CHEXA        958       1    1436    1437    1440    1439    1580    1581+       
+           1584    1583
CHEXA        959       1    1438    1439    1298    1297    1582    1583+       
+           1442    1441
CHEXA        960       1    1439    1440    1299    1298    1583    1584+       
+           1443    1442
CHEXA        961       1    1441    1442    1445    1444    1585    1586+       
+           1589    1588
CHEXA        962       1    1442    1443    1446    1445    1586    1587+       
+           1590    1589
CHEXA        963       1    1444    1445    1448    1447    1588    1589+       
+           1592    1591
CHEXA        964       1    1445    1446    1449    1448    1589    1590+       
+           1593    1592
CHEXA        965       1    1447    1448    1451    1450    1591    1592+       
+           1595    1594
CHEXA        966       1    1448    1449    1452    1451    1592    1593+       
+           1596    1595
CHEXA        967       1    1450    1451    1454    1453    1594    1595+       
+           1598    1597
CHEXA        968       1    1451    1452    1455    1454    1595    1596+       
+           1599    1598
CHEXA        969       1    1453    1454    1457    1456    1597    1598+       
+           1601    1600
CHEXA        970       1    1454    1455    1458    1457    1598    1599+       
+           1602    1601
CHEXA        971       1    1456    1457    1460    1459    1600    1601+       
+           1604    1603
CHEXA        972       1    1457    1458    1461    1460    1601    1602+       
+           1605    1604
CHEXA        973       1    1459    1460    1463    1462    1603    1604+       
+           1607    1606
CHEXA        974       1    1460    1461    1464    1463    1604    1605+       
+           1608    1607
CHEXA        975       1    1462    1463    1466    1465    1606    1607+       
+           1610    1609
CHEXA        976       1    1463    1464    1467    1466    1607    1608+       
+           1611    1610
CHEXA        977       1    1465    1466    1469    1468    1609    1610+       
+           1613    1612
CHEXA        978       1    1466    1467    1470    1469    1610    1611+       
+           1614    1613
CHEXA        979       1    1468    1469    1472    1471    1612    1613+       
+           1616    1615
CHEXA        980       1    1469    1470    1473    1472    1613    1614+       
+           1617    1616
CHEXA        981       1    1471    1472    1475    1474    1615    1616+       
+           1619    1618
CHEXA        982       1    1472    1473    1476    1475    1616    1617+       
+           1620    1619
CHEXA        983       1    1474    1475    1478    1477    1618    1619+       
+           1622    1621
CHEXA        984       1    1475    1476    1479    1478    1619    1620+       
+           1623    1622
CHEXA        985       1    1477    1478    1481    1480    1621    1622+       
+           1625    1624
CHEXA        986       1    1478    1479    1482    1481    1622    1623+       
+           1626    1625
CHEXA        987       1    1480    1481    1484    1483    1624    1625+       
+           1628    1627
CHEXA        988       1    1481    1482    1485    1484    1625    1626+       
+           1629    1628
CHEXA        989       1    1483    1484    1487    1486    1627    1628+       
+           1631    1630
CHEXA        990       1    1484    1485    1488    1487    1628    1629+       
+           1632    1631
CHEXA        991       1    1486    1487    1490    1489    1630    1631+       
+           1634    1633
CHEXA        992       1    1487    1488    1491    1490    1631    1632+       
+           1635    1634
CHEXA        993       1    1489    1490    1493    1492    1633    1634+       
+           1637    1636
CHEXA        994       1    1490    1491    1494    1493    1634    1635+       
+           1638    1637
CHEXA        995       1    1492    1493    1496    1495    1636    1637+       
+           1640    1639
CHEXA        996       1    1493    1494    1497    1496    1637    1638+       
+           1641    1640
CHEXA        997       1    1495    1496    1499    1498    1639    1640+       
+           1643    1642
CHEXA        998       1    1496    1497    1500    1499    1640    1641+       
+           1644    1643
CHEXA        999       1    1498    1499    1502    1501    1642    1643+       
+           1646    1645
CHEXA       1000       1    1499    1500    1503    1502    1643    1644+       
+           1647    1646
CHEXA       1001       1    1501    1502    1505    1504    1645    1646+       
+           1649    1648
CHEXA       1002       1    1502    1503    1506    1505    1646    1647+       
+           1650    1649
CHEXA       1003       1    1504    1505    1508    1507    1648    1649+       
+           1652    1651
CHEXA       1004       1    1505    1506    1509    1508    1649    1650+       
+           1653    1652
CHEXA       1005       1    1507    1508    1511    1510    1651    1652+       
+           1655    1654
CHEXA       1006       1    1508    1509    1512    1511    1652    1653+       
+           1656    1655
CHEXA       1007       1    1510    1511    1514    1513    1654    1655+       
+           1658    1657
CHEXA       1008       1    1511    1512    1515    1514    1655    1656+       
+           1659    1658
CHEXA       1009       1    1513    1514    1517    1516    1657    1658+       
+           1661    1660
CHEXA       1010       1    1514    1515    1518    1517    1658    1659+       
+           1662    1661
CHEXA       1011       1    1516    1517    1520    1519    1660    1661+       
+           1664    1663
CHEXA       1012       1    1517    1518    1521    1520    1661    1662+       
+           1665    1664
CHEXA       1013       1    1519    1520    1523    1522    1663    1664+       
+           1667    1666
CHEXA       1014       1    1520    1521    1524    1523    1664    1665+       
+           1668    1667
CHEXA       1015       1    1522    1523    1526    1525    1666    1667+       
+           1670    1669
CHEXA       1016       1    1523    1524    1527    1526    1667    1668+       
+           1671    1670
CHEXA       1017       1    1525    1526    1529    1528    1669    1670+       
+           1673    1672
CHEXA       1018       1    1526    1527    1530    1529    1670    1671+       
+           1674    1673
CHEXA       1019       1    1528    1529    1532    1531    1672    1673+       
+           1676    1675
CHEXA       1020       1    1529    1530    1533    1532    1673    1674+       
+           1677    1676
CHEXA       1021       1    1531    1532    1535    1534    1675    1676+       
+           1679    1678
CHEXA       1022       1    1532    1533    1536    1535    1676    1677+       
+           1680    1679
CHEXA       1023       1    1534    1535    1538    1537    1678    1679+       
+           1682    1681
CHEXA       1024       1    1535    1536    1539    1538    1679    1680+       
+           1683    1682
CHEXA       1025       1    1537    1538    1541    1540    1681    1682+       
+           1685    1684
CHEXA       1026       1    1538    1539    1542    1541    1682    1683+       
+           1686    1685
CHEXA       1027       1    1540    1541    1544    1543    1684    1685+       
+           1688    1687
CHEXA       1028       1    1541    1542    1545    1544    1685    1686+       
+           1689    1688
CHEXA       1029       1    1543    1544    1547    1546    1687    1688+       
+           1691    1690
CHEXA       1030       1    1544    1545    1548    1547    1688    1689+       
+           1692    1691
CHEXA       1031       1    1546    1547    1550    1549    1690    1691+       
+           1694    1693
CHEXA       1032       1    1547    1548    1551    1550    1691    1692+       
+           1695    1694
CHEXA       1033       1    1549    1550    1553    1552    1693    1694+       
+           1697    1696
CHEXA       1034       1    1550    1551    1554    1553    1694    1695+       
+           1698    1697
CHEXA       1035       1    1552    1553    1556    1555    1696    1697+       
+           1700    1699
CHEXA       1036       1    1553    1554    1557    1556    1697    1698+       
+           1701    1700
CHEXA       1037       1    1555    1556    1559    1558    1699    1700+       
+           1703    1702
CHEXA       1038       1    1556    1557    1560    1559    1700    1701+       
+           1704    1703
CHEXA       1039       1    1558    1559    1562    1561    1702    1703+       
+           1706    1705
CHEXA       1040       1    1559    1560    1563    1562    1703    1704+       
+           1707    1706
CHEXA       1041       1    1561    1562    1565    1564    1705    1706+       
+           1709    1708
CHEXA       1042       1    1562    1563    1566    1565    1706    1707+       
+           1710    1709
CHEXA       1043       1    1564    1565    1568    1567    1708    1709+       
+           1712    1711
CHEXA       1044       1    1565    1566    1569    1568    1709    1710+       
+           1713    1712
CHEXA       1045       1    1567    1568    1571    1570    1711    1712+       
+           1715    1714
CHEXA       1046       1    1568    1569    1572    1571    1712    1713+       
+           1716    1715
CHEXA       1047       1    1570    1571    1574    1573    1714    1715+       
+           1718    1717
CHEXA       1048       1    1571    1572    1575    1574    1715    1716+       
+           1719    1718
CHEXA       1049       1    1573    1574    1577    1576    1717    1718+       
+           1721    1720
CHEXA       1050       1    1574    1575    1578    1577    1718    1719+       
+           1722    1721
CHEXA       1051       1    1576    1577    1580    1579    1720    1721+       
+           1724    1723
CHEXA       1052       1    1577    1578    1581    1580    1721    1722+       
+           1725    1724
CHEXA       1053       1    1579    1580    1583    1582    1723    1724+       
+           1727    1726
CHEXA       1054       1    1580    1581    1584    1583    1724    1725+       
+           1728    1727
CHEXA       1055       1    1582    1583    1442    1441    1726    1727+       
+           1586    1585
CHEXA       1056       1    1583    1584    1443    1442    1727    1728+       
+           1587    1586
CHEXA       1057       1    1585    1586    1589    1588    1729    1730+       
+           1733    1732
CHEXA       1058       1    1586    1587    1590    1589    1730    1731+       
+           1734    1733
CHEXA       1059       1    1588    1589    1592    1591    1732    1733+       
+           1736    1735
CHEXA       1060       1    1589    1590    1593    1592    1733    1734+       
+           1737    1736
CHEXA       1061       1    1591    1592    1595    1594    1735    1736+       
+           1739    1738
CHEXA       1062       1    1592    1593    1596    1595    1736    1737+       
+           1740    1739
CHEXA       1063       1    1594    1595    1598    1597    1738    1739+       
+           1742    1741
CHEXA       1064       1    1595    1596    1599    1598    1739    1740+       
+           1743    1742
CHEXA       1065       1    1597    1598    1601    1600    1741    1742+       
+           1745    1744
CHEXA       1066       1    1598    1599    1602    1601    1742    1743+       
+           1746    1745
CHEXA       1067       1    1600    1601    1604    1603    1744    1745+       
+           1748    1747
CHEXA       1068       1    1601    1602    1605    1604    1745    1746+       
+           1749    1748
CHEXA       1069       1    1603    1604    1607    1606    1747    1748+       
+           1751    1750
CHEXA       1070       1    1604    1605    1608    1607    1748    1749+       
+           1752    1751
CHEXA       1071       1    1606    1607    1610    1609    1750    1751+       
+           1754    1753
CHEXA       1072       1    1607    1608    1611    1610    1751    1752+       
+           1755    1754
CHEXA       1073       1    1609    1610    1613    1612    1753    1754+       
+           1757    1756
CHEXA       1074       1    1610    1611    1614    1613    1754    1755+       
+           1758    1757
CHEXA       1075       1    1612    1613    1616    1615    1756    1757+       
+           1760    1759
CHEXA       1076       1    1613    1614    1617    1616    1757    1758+       
+           1761    1760
CHEXA       1077       1    1615    1616    1619    1618    1759    1760+       
+           1763    1762
CHEXA       1078       1    1616    1617    1620    1619    1760    1761+       
+           1764    1763
CHEXA       1079       1    1618    1619    1622    1621    1762    1763+       
+           1766    1765
CHEXA       1080       1    1619    1620    1623    1622    1763    1764+       
+           1767    1766
CHEXA       1081       1    1621    1622    1625    1624    1765    1766+       
+           1769    1768
CHEXA       1082       1    1622    1623    1626    1625    1766    1767+       
+           1770    1769
CHEXA       1083       1    1624    1625    1628    1627    1768    1769+       
+           1772    1771
CHEXA       1084       1    1625    1626    1629    1628    1769    1770+       
+           1773    1772
CHEXA       1085       1    1627    1628    1631    1630    1771    1772+       
+           1775    1774
CHEXA       1086       1    1628    1629    1632    1631    1772    1773+       
+           1776    1775
CHEXA       1087       1    1630    1631    1634    1633    1774    1775+       
+           1778    1777
CHEXA       1088       1    1631    1632    1635    1634    1775    1776+       
+           1779    1778
CHEXA       1089       1    1633    1634    1637    1636    1777    1778+       
+           1781    1780
CHEXA       1090       1    1634    1635    1638    1637    1778    1779+       
+           1782    1781
CHEXA       1091       1    1636    1637    1640    1639    1780    1781+       
+           1784    1783
CHEXA       1092       1    1637    1638    1641    1640    1781    1782+       
+           1785    1784
CHEXA       1093       1    1639    1640    1643    1642    1783    1784+       
+           1787    1786
CHEXA       1094       1    1640    1641    1644    1643    1784    1785+       
+           1788    1787
CHEXA       1095       1    1642    1643    1646    1645    1786    1787+       
+           1790    1789
CHEXA       1096       1    1643    1644    1647    1646    1787    1788+       
+           1791    1790
CHEXA       1097       1    1645    1646    1649    1648    1789    1790+       
+           1793    1792
CHEXA       1098       1    1646    1647    1650    1649    1790    1791+       
+           1794    1793
CHEXA       1099       1    1648    1649    1652    1651    1792    1793+       
+           1796    1795
CHEXA       1100       1    1649    1650    1653    1652    1793    1794+       
+           1797    1796
CHEXA       1101       1    1651    1652    1655    1654    1795    1796+       
+           1799    1798
CHEXA       1102       1    1652    1653    1656    1655    1796    1797+       
+           1800    1799
CHEXA       1103       1    1654    1655    1658    1657    1798    1799+       
+           1802    1801
CHEXA       1104       1    1655    1656    1659    1658    1799    1800+       
+           1803    1802
CHEXA       1105       1    1657    1658    1661    1660    1801    1802+       
+           1805    1804
CHEXA       1106       1    1658    1659    1662    1661    1802    1803+       
+           1806    1805
CHEXA       1107       1    1660    1661    1664    1663    1804    1805+       
+           1808    1807
CHEXA       1108       1    1661    1662    1665    1664    1805    1806+       
+           1809    1808
CHEXA       1109       1    1663    1664    1667    1666    1807    1808+       
+           1811    1810
CHEXA       1110       1    1664    1665    1668    1667    1808    1809+       
+           1812    1811
CHEXA       1111       1    1666    1667    1670    1669    1810    1811+       
+           1814    1813
CHEXA       1112       1    1667    1668    1671    1670    1811    1812+       
+           1815    1814
CHEXA       1113       1    1669    1670    1673    1672    1813    1814+       
+           1817    1816
CHEXA       1114       1    1670    1671    1674    1673    1814    1815+       
+           1818    1817
CHEXA       1115       1    1672    1673    1676    1675    1816    1817+       
+           1820    1819
CHEXA       1116       1    1673    1674    1677    1676    1817    1818+       
+           1821    1820
CHEXA       1117       1    1675    1676    1679    1678    1819    1820+       
+           1823    1822
CHEXA       1118       1    1676    1677    1680    1679    1820    1821+       
+           1824    1823
CHEXA       1119       1    1678    1679    1682    1681    1822    1823+       
+           1826    1825
CHEXA       1120       1    1679    1680    1683    1682    1823    1824+       
+           1827    1826
CHEXA       1121       1    1681    1682    1685    1684    1825    1826+       
+           1829    1828
CHEXA       1122       1    1682    1683    1686    1685    1826    1827+       
+           1830    1829
CHEXA       1123       1    1684    1685    1688    1687    1828    1829+       
+           1832    1831
CHEXA       1124       1    1685    1686    1689    1688    1829    1830+       
+           1833    1832
CHEXA       1125       1    1687    1688    1691    1690    1831    1832+       
+           1835    1834
CHEXA       1126       1    1688    1689    1692    1691    1832    1833+       
+           1836    1835
CHEXA       1127       1    1690    1691    1694    1693    1834    1835+       
+           1838    1837
CHEXA       1128       1    1691    1692    1695    1694    1835    1836+       
+           1839    1838
CHEXA       1129       1    1693    1694    1697    1696    1837    1838+       
+           1841    1840
CHEXA       1130       1    1694    1695    1698    1697    1838    1839+       
+           1842    1841
CHEXA       1131       1    1696    1697    1700    1699    1840    1841+       
+           1844    1843
CHEXA       1132       1    1697    1698    1701    1700    1841    1842+       
+           1845    1844
CHEXA       1133       1    1699    1700    1703    1702    1843    1844+       
+           1847    1846
CHEXA       1134       1    1700    1701    1704    1703    1844    1845+       
+           1848    1847
CHEXA       1135       1    1702    1703    1706    1705    1846    1847+       
+           1850    1849
CHEXA       1136       1    1703    1704    1707    1706    1847    1848+       
+           1851    1850
CHEXA       1137       1    1705    1706    1709    1708    1849    1850+       
+           1853    1852
CHEXA       1138       1    1706    1707    1710    1709    1850    1851+       
+           1854    1853
CHEXA       1139       1    1708    1709    1712    1711    1852    1853+       
+           1856    1855
CHEXA       1140       1    1709    1710    1713    1712    1853    1854+       
+           1857    1856
CHEXA       1141       1    1711    1712    1715    1714    1855    1856+       
+           1859    1858
CHEXA       1142       1    1712    1713    1716    1715    1856    1857+       
+           1860    1859
CHEXA       1143       1    1714    1715    1718    1717    1858    1859+       
+           1862    1861
CHEXA       1144       1    1715    1716    1719    1718    1859    1860+       
+           1863    1862
CHEXA       1145       1    1717    1718    1721    1720    1861    1862+       
+           1865    1864
CHEXA       1146       1    1718    1719    1722    1721    1862    1863+       
+           1866    1865
CHEXA       1147       1    1720    1721    1724    1723    1864    1865+       
+           1868    1867
CHEXA       1148       1    1721    1722    1725    1724    1865    1866+       
+           1869    1868
CHEXA       1149       1    1723    1724    1727    1726    1867    1868+       
+           1871    1870
CHEXA       1150       1    1724    1725    1728    1727    1868    1869+       
+           1872    1871
CHEXA       1151       1    1726    1727    1586    1585    1870    1871+       
+           1730    1729
CHEXA       1152       1    1727    1728    1587    1586    1871    1872+       
+           1731    1730
ENDDATA
